repo,osv_total,in_graph,explicit_direct,implicit_direct,transitive,true_transitive,transitive_density_strict_pct,unique_findings,unique_called,unique_imported,unique_required,deps_explicit_direct,deps_implicit_direct,deps_transitive,max_depth,total_modules_in_graph,avg_vuln_age_days,median_vuln_age_days,pct_over_90_days,pct_over_365_days,avg_inertia_tags,max_inertia_tags,tags_total
0xERR0R/blocky,247,104,59,45,0,45,43.27,13,0,9,4,44,142,336,2,630,823,835,76.0,63.5,10,21,36
0xJacky/nginx-ui,312,169,114,45,10,55,32.54,21,8,9,4,64,292,770,2,3091,779,695,79.9,70.4,97,201,201
5rahim/seanime,246,103,86,17,0,17,16.50,26,10,2,14,59,132,408,2,864,734,695,74.8,59.2,1,1,1
6boris/awesome-golang-algorithm,155,12,0,12,0,12,100.00,0,0,0,0,3,16,54,2,75,1090,1311,91.7,91.7,0,0,1
99designs/aws-vault,159,5,0,5,0,5,100.00,3,2,1,0,15,15,19,2,63,783,890,80.0,60.0,10,25,120
99designs/gqlgen,166,23,19,3,1,4,17.39,0,0,0,0,19,6,30,2,57,1066,1267,91.3,82.6,57,95,132
9seconds/mtg,219,76,73,3,0,3,3.95,21,0,1,20,23,22,79,2,163,781,853,71.1,63.2,12,28,48
a-h/templ,188,45,41,3,1,4,8.89,8,5,1,2,14,6,20,2,43,881,1085,80.0,73.3,37,85,85
aandrew-me/tgpt,235,92,0,92,0,92,100.00,34,3,1,30,11,53,120,2,263,743,784,72.8,60.9,39,88,88
aarondl/sqlboiler,188,45,0,35,10,45,100.00,13,0,0,13,17,47,129,2,636,801,892,68.9,62.2,12,37,94
abiosoft/colima,159,5,2,3,0,3,60.00,0,0,0,0,11,8,18,2,40,874,1375,80.0,60.0,22,36,64
aceld/zinx,217,74,1,73,0,73,98.65,21,0,1,20,4,14,14,2,104,770,800,70.3,62.2,1,1,1
achannarasappa/ticker,166,23,4,18,1,19,82.61,1,0,1,0,17,207,361,2,1061,1172,1368,91.3,82.6,26,42,89
actions/actions-runner-controller,237,94,51,43,0,43,45.74,21,2,1,18,36,166,564,2,832,825,838,76.6,68.1,29,94,148
AdguardTeam/AdGuardHome,232,89,82,4,3,7,7.87,20,1,1,18,31,68,389,2,513,790,785,73.0,62.9,77,191,250
AdguardTeam/dnsproxy,228,85,53,32,0,32,37.65,20,1,1,18,13,62,303,2,380,810,856,74.1,63.5,1,1,1
adnanh/webhook,162,8,5,3,0,3,37.50,1,0,1,0,10,4,9,2,27,1047,1391,87.5,62.5,2,3,33
agones-dev/agones,242,99,52,47,0,47,47.47,23,2,1,20,47,79,499,2,1165,884,960,76.8,69.7,26,63,115
ahmetb/kubectl-tree,198,55,4,50,1,51,92.73,8,2,1,5,11,52,148,2,224,978,1231,83.6,78.2,5,8,14
ahmetb/kubectx,198,55,4,50,1,51,92.73,8,2,1,5,7,39,88,2,148,978,1231,83.6,78.2,3,5,24
air-verse/air,164,21,5,5,11,16,76.19,1,0,1,0,9,18,202,2,235,1078,1267,90.5,90.5,38,64,74
akuity/kargo,311,168,75,89,4,93,55.36,19,2,16,1,86,181,803,2,1117,800,723,82.7,69.6,124,203,203
alecthomas/chroma,155,0,0,0,0,0,0.00,0,0,0,0,3,1,2,2,8,,,,,,,1
alecthomas/kingpin,155,0,0,0,0,0,0.00,0,0,0,0,3,3,2,2,18,,,,,,,60
alecthomas/kong,155,0,0,0,0,0,0.00,0,0,0,0,2,1,1,2,6,,,,,,,73
alecthomas/participle,155,0,0,0,0,0,0.00,0,0,0,0,2,1,1,2,6,,,,,,,37
alexei-led/pumba,235,92,35,56,1,57,61.96,9,0,0,9,13,57,310,2,477,793,678,87.0,77.2,1,1,1
alexellis/arkade,189,46,30,6,10,16,34.78,0,0,0,0,17,23,69,2,111,697,614,65.2,56.5,90,231,324
alexellis/k3sup,191,48,29,9,10,19,39.58,14,5,8,1,8,14,88,2,113,716,614,66.7,58.3,12,33,132
AlexxIT/go2rtc,227,84,78,3,3,6,7.14,22,5,6,11,24,19,45,2,98,776,678,73.8,61.9,27,67,67
alicebob/miniredis,155,1,0,0,1,1,100.00,0,0,0,0,1,0,4,2,7,1413,1413,100.0,100.0,1,1,1
AlistGo/alist,300,157,103,49,5,54,34.39,36,22,5,9,93,212,721,2,1316,812,804,80.3,68.2,1,1,1
allegro/bigcache,155,0,0,0,0,0,0.00,0,0,0,0,0,0,0,1,2,,,,,,,25
amacneil/dbmate,230,87,0,87,0,87,100.00,20,1,1,18,11,62,437,2,1311,770,785,73.6,64.4,24,49,67
amalshaji/portr,238,95,42,53,0,53,55.79,21,7,3,11,30,63,211,2,345,750,785,74.7,63.2,1,1,1
amir20/dozzle,261,118,55,61,2,63,53.39,6,6,0,0,34,121,377,2,606,746,692,74.6,61.0,150,331,553
amitshekhariitbhu/go-backend-clean-architecture,229,86,35,51,0,51,59.30,40,5,4,31,6,41,102,2,579,862,985,74.4,67.4,0,0,0
AnalogJ/scrutiny,232,89,6,83,0,83,93.26,21,0,3,18,17,66,223,2,318,780,785,75.3,61.8,12,42,54
anchore/grype,307,164,47,116,1,117,71.34,21,10,11,0,75,260,997,2,2067,722,646,80.5,67.1,65,180,203
anchore/syft,273,130,59,69,2,71,54.62,20,8,12,0,96,219,881,2,1927,750,698,77.7,63.8,76,226,259
andeya/pholcus,221,78,43,35,0,35,44.87,55,16,4,35,15,30,34,2,93,827,960,71.8,64.1,1,1,1
ankitpokhrel/jira-cli,192,49,0,48,1,49,100.00,10,0,8,2,22,49,137,2,249,967,1267,81.6,75.5,6,18,18
anthonynsimon/bild,162,7,7,0,0,0,0.00,2,0,0,2,2,2,5,2,13,585,702,57.1,57.1,1,1,1
antoniomika/sish,240,97,35,62,0,62,63.92,21,8,4,9,17,60,138,2,278,860,938,77.3,64.9,14,36,66
antonmedv/fx,160,6,0,6,0,6,100.00,1,0,1,0,15,21,50,2,89,1287,1413,83.3,83.3,29,45,89
antonmedv/walk,162,8,2,6,0,6,75.00,3,2,1,0,10,14,35,2,61,1039,1369,87.5,75.0,13,22,22
apache/answer,246,103,89,12,2,14,13.59,31,2,12,17,51,108,324,2,1070,879,1030,74.8,67.0,1,1,1
apache/casbin,155,0,0,0,0,0,0.00,0,0,0,0,3,0,0,1,5,,,,,,,1
apache/dubbo-admin,262,119,16,103,0,103,86.55,31,7,11,13,39,199,636,2,1799,838,814,76.5,66.4,2,5,7
apache/dubbo-go,244,101,58,43,0,43,42.57,27,7,2,18,64,80,466,2,1502,827,892,75.2,64.4,12,36,67
apecloud/kubeblocks,155,12,1,11,0,11,91.67,0,0,0,0,56,99,486,2,1160,1090,1311,91.7,91.7,70,81,81
appleboy/gorush,256,113,83,29,1,30,26.55,21,2,1,18,39,111,602,2,903,775,783,77.9,66.4,12,24,53
aquasecurity/kube-bench,208,65,8,56,1,57,87.69,8,2,1,5,17,69,108,2,267,947,1197,83.1,75.4,1,1,1
aquasecurity/tfsec,262,119,3,116,0,116,97.48,39,11,18,10,17,121,622,2,1555,820,856,79.0,68.1,1,1,1
aquasecurity/tracee,155,12,1,11,0,11,91.67,0,0,0,0,37,126,614,2,1793,1090,1311,91.7,91.7,36,52,88
aquasecurity/trivy,239,96,83,11,2,13,13.54,20,0,0,20,126,362,1758,2,2400,736,719,72.9,62.5,45,130,183
ardanlabs/gotraining,155,0,0,0,0,0,0.00,0,0,0,0,6,9,32,2,74,,,,,,,0
ardanlabs/service,244,101,49,52,0,52,51.49,0,0,0,0,20,48,198,2,272,768,771,75.2,65.3,0,0,0
arduino/arduino-cli,241,98,21,77,0,77,78.57,19,7,7,5,41,151,606,2,817,743,740,74.5,61.2,34,107,199
argoproj/argo-cd,327,184,115,63,6,69,37.50,2,2,0,0,124,188,885,2,1749,745,646,84.8,73.4,190,430,578
argoproj/argo-rollouts,296,153,63,90,0,90,58.82,26,4,7,15,54,149,675,2,1584,794,646,84.3,77.1,19,55,84
argoproj/argo-workflows,203,60,51,7,2,9,15.00,6,0,0,6,107,243,1007,2,1664,928,1184,80.0,75.0,76,242,387
ariga/atlas,159,6,1,3,2,5,83.33,0,0,0,0,10,12,29,2,54,1517,1418,100.0,100.0,89,104,104
arl/statsviz,156,12,1,1,10,11,91.67,0,0,0,0,2,2,11,2,18,1128,1311,91.7,91.7,7,11,17
arp242/goatcounter,227,84,84,0,0,0,0.00,23,2,1,20,39,6,29,2,77,767,785,70.2,60.7,3,12,29
ArvinLovegood/go-stock,255,112,51,61,0,61,54.46,28,14,10,4,42,141,570,2,1521,833,800,78.6,69.6,1,1,1
asaskevich/govalidator,155,0,0,0,0,0,0.00,0,0,0,0,0,0,0,1,2,,,,,,,16
asynkron/protoactor-go,236,93,55,38,0,38,40.86,23,4,1,18,33,78,244,2,502,838,939,75.3,65.6,1,4,4
authelia/authelia,244,101,86,12,3,15,14.85,0,0,0,0,50,60,177,2,293,734,695,74.3,63.4,31,91,228
authzed/spicedb,259,116,18,85,13,98,84.48,0,0,0,0,109,130,677,2,1063,703,692,75.9,62.9,51,125,125
autobrr/qui,249,106,96,9,1,10,9.43,20,7,12,1,44,56,375,2,705,739,699,72.6,61.3,21,30,30
aws/aws-lambda-go,156,1,0,1,0,1,100.00,0,0,0,0,1,3,3,2,9,1375,1375,100.0,100.0,24,24,73
aws/aws-sdk-go-v2,155,0,0,0,0,0,0.00,0,0,0,0,1,0,1,2,4,,,,,,,74320
aws/copilot-cli,193,50,7,42,1,43,86.00,15,0,10,5,28,29,235,2,332,953,1249,82.0,76.0,15,45,64
aws/karpenter-provider-aws,201,58,5,52,1,53,91.38,0,0,0,0,45,89,376,2,574,984,1249,82.8,77.6,131,237,243
axllent/mailpit,232,89,74,10,5,15,16.85,0,0,0,0,23,34,75,2,207,742,702,71.9,59.6,85,189,189
ayn2op/discordo,169,26,1,14,11,25,96.15,0,0,0,0,21,30,112,2,202,1002,1197,80.8,80.8,0,0,0
beego/beego,161,18,1,11,6,17,94.44,0,0,0,0,38,40,214,2,388,1047,1311,94.4,94.4,1,1,1
benbjohnson/litestream,233,90,37,53,0,53,58.89,0,0,0,0,37,83,395,2,622,817,915,74.4,67.8,22,47,53
bettercap/bettercap,225,82,75,7,0,7,8.54,22,0,0,22,34,23,85,2,186,842,985,72.0,64.6,7,13,57
bfenetworks/bfe,236,93,88,5,0,5,5.38,32,5,9,18,36,33,243,2,369,866,960,74.2,67.7,4,9,23
bililive-go/bililive-go,231,88,53,35,0,35,39.77,23,1,2,20,33,76,360,2,614,867,1020,75.0,65.9,36,70,118
binwiederhier/ntfy,245,102,46,56,0,56,54.90,19,1,5,13,21,70,385,2,541,807,805,74.5,67.6,27,105,105
BishopFox/sliver,239,96,80,5,11,16,16.67,22,0,0,22,82,243,1288,2,1802,757,692,71.9,60.4,23,72,102
bitmagnet-io/bitmagnet,236,93,23,70,0,70,75.27,31,2,13,16,50,124,571,2,1025,808,814,74.2,64.5,1,1,1
bitnami-labs/sealed-secrets,232,89,37,51,1,52,58.43,6,1,0,5,19,55,127,2,205,866,1009,74.2,67.4,66,140,195
blacktop/ipsw,155,12,12,0,0,0,0.00,0,0,0,0,79,177,563,2,1606,1090,1311,91.7,91.7,403,564,966
blevesearch/bleve,164,21,6,13,2,15,71.43,1,0,1,0,28,9,64,2,118,1088,1325,85.7,85.7,17,34,63
bluenviron/mediamtx,248,105,85,19,1,20,19.05,0,0,0,0,39,57,158,2,290,759,785,76.2,62.9,43,113,189
bnb-chain/bsc,218,75,41,15,19,34,45.33,14,0,0,14,90,227,1012,2,2127,797,750,80.0,65.3,1,1,1
bojand/ghz,227,84,45,39,0,39,46.43,27,1,3,23,28,175,438,2,1661,845,950,73.8,66.7,10,37,119
boyter/scc,233,90,39,51,0,51,56.67,20,0,14,6,14,35,73,2,146,772,821,72.2,62.2,6,12,45
brianvoe/gofakeit,155,0,0,0,0,0,0.00,0,0,0,0,0,0,1,2,3,,,,,,,161
btcsuite/btcd,190,47,33,1,13,14,29.79,17,0,0,17,22,9,26,2,104,758,750,68.1,61.7,1,1,1
bufbuild/buf,234,91,12,79,0,79,86.81,0,0,0,0,48,47,187,2,285,770,785,74.7,63.7,52,135,193
buger/jsonparser,158,3,0,0,3,3,100.00,0,0,0,0,0,0,0,1,2,1271,1870,66.7,66.7,1,1,1
burke/zeus,155,1,0,1,0,1,100.00,0,0,0,0,4,2,2,2,10,1413,1413,100.0,100.0,5,5,35
BurntSushi/toml,155,0,0,0,0,0,0.00,0,0,0,0,0,0,0,1,2,,,,,,,16
burrowers/garble,157,13,0,3,10,13,100.00,1,0,1,0,6,5,17,2,31,1006,1267,84.6,84.6,12,18,26
buzzfeed/sso,198,55,8,40,7,47,85.45,23,4,6,13,18,3,119,2,386,951,1197,83.6,76.4,0,1,6
bwmarrin/discordgo,156,1,1,0,0,0,0.00,0,0,0,0,1,0,0,1,3,1870,1870,100.0,100.0,15,15,42
bytebase/bytebase,194,51,48,3,0,3,5.88,6,0,0,6,109,242,1472,2,2074,911,1171,80.4,74.5,1,1,1
bytedance/sonic,155,11,0,1,10,11,100.00,0,0,0,0,8,3,10,2,56,1060,1267,90.9,90.9,64,87,103
C2SP/wycheproof,159,5,1,3,1,4,80.00,1,0,0,1,3,7,17,2,29,1281,1413,100.0,80.0,2,2,2
caarlos0/env,155,0,0,0,0,0,0.00,0,0,0,0,0,0,0,1,2,,,,,,,1
cacggghp/vk-turn-proxy,222,79,2,77,0,77,97.47,21,1,1,19,12,30,115,2,228,830,960,72.2,63.3,1,1,1
caddyserver/caddy,278,135,93,33,9,42,31.11,0,0,0,0,51,115,711,2,964,682,526,74.8,55.6,21,58,153
caddyserver/certmagic,218,75,71,4,0,4,5.33,19,1,0,18,10,6,39,2,57,829,960,72.0,64.0,17,43,81
cadence-workflow/cadence,236,93,51,42,0,42,45.16,24,0,4,20,73,75,334,2,1384,856,960,75.3,67.7,173,285,352
canonical/lxd,234,91,42,39,10,49,53.85,19,0,0,19,58,86,575,2,812,712,526,73.6,58.2,18,57,193
canopy-network/canopy,217,74,65,9,0,9,12.16,24,0,0,24,33,50,239,2,360,798,723,79.7,64.9,13,20,20
casdoor/casdoor,304,161,113,40,8,48,29.81,39,23,11,5,85,224,812,2,2918,790,702,78.3,69.6,1,1,1
cayleygraph/cayley,230,87,47,40,0,40,45.98,35,1,4,30,24,104,468,2,887,789,805,71.3,63.2,0,0,16
cbeuw/Cloak,191,48,35,3,10,13,27.08,19,2,1,16,9,10,35,2,64,676,450,66.7,54.2,1,1,1
ccfos/nightingale,258,115,25,90,0,90,78.26,36,7,13,16,68,109,998,2,1395,816,805,73.9,67.0,69,163,206
cdk-team/CDK,155,11,1,10,0,10,90.91,0,0,0,0,16,7,37,2,136,1060,1267,90.9,90.9,10,14,31
cenkalti/backoff,155,0,0,0,0,0,0.00,0,0,0,0,0,0,1,2,3,,,,,,,29
centrifugal/centrifugo,256,113,62,48,3,51,45.13,0,0,0,0,61,75,427,2,645,734,696,75.2,61.1,1,1,1
cerbos/cerbos,269,126,62,64,0,64,50.79,0,0,0,0,115,161,970,2,2183,806,810,77.8,67.5,41,101,106
cert-manager/cert-manager,251,108,39,67,2,69,63.89,0,0,0,0,47,135,614,2,833,870,916,77.8,70.4,91,198,291
certimate-go/certimate,262,119,46,73,0,73,61.34,2,0,0,2,87,178,483,2,1540,894,960,78.2,69.7,66,98,98
cespare/reflex,157,3,0,3,0,3,100.00,1,0,0,1,5,2,3,2,12,944,1413,66.7,66.7,1,1,5
chaos-mesh/chaos-mesh,307,164,76,84,4,88,53.66,23,0,0,23,72,229,898,2,1361,791,657,84.8,73.2,35,139,160
chaosblade-io/chaosblade,283,140,4,135,1,136,97.14,52,0,0,52,16,108,335,2,1226,798,646,82.1,74.3,2,2,2
charmbracelet/bubbles,157,3,0,3,0,3,100.00,1,0,1,0,11,13,30,2,56,944,1413,66.7,66.7,12,18,46
charmbracelet/bubbletea,157,3,3,0,0,0,0.00,1,0,1,0,8,9,18,2,37,944,1413,66.7,66.7,37,55,104
charmbracelet/crush,262,119,60,59,0,59,49.58,2,0,0,2,73,138,555,2,844,814,856,73.1,65.5,1,1,1
charmbracelet/freeze,160,6,0,6,0,6,100.00,1,0,1,0,16,30,72,2,120,1287,1413,83.3,83.3,8,10,10
charmbracelet/glamour,191,48,5,42,1,43,89.58,10,0,8,2,9,19,33,2,63,958,1249,81.3,75.0,7,12,15
charmbracelet/glow,193,50,6,43,1,44,88.00,10,0,8,2,25,39,85,2,158,931,1214,82.0,72.0,4,6,23
charmbracelet/gum,191,48,3,44,1,45,93.75,10,0,8,2,18,34,82,2,137,958,1249,81.3,75.0,15,26,26
charmbracelet/huh,157,3,0,3,0,3,100.00,1,0,1,0,10,18,38,2,68,944,1413,66.7,66.7,14,21,21
charmbracelet/lipgloss,157,3,3,0,0,0,0.00,0,0,0,0,10,8,29,2,49,944,1413,66.7,66.7,16,24,33
charmbracelet/log,157,3,0,3,0,3,100.00,1,0,1,0,5,17,34,2,58,944,1413,66.7,66.7,12,18,18
charmbracelet/soft-serve,246,103,44,49,10,59,57.28,21,7,8,6,42,53,199,2,343,740,660,73.8,62.1,20,51,51
charmbracelet/vhs,219,76,29,47,0,47,61.84,21,9,7,5,20,45,100,2,170,806,926,71.1,63.2,7,15,15
charmbracelet/wish,226,83,36,47,0,47,56.63,21,7,7,7,12,37,96,2,164,716,695,71.1,60.2,10,28,29
cheat/cheat,227,84,8,76,0,76,90.48,24,9,7,8,7,23,74,2,123,724,740,71.4,60.7,8,22,104
chenhg5/cc-connect,191,48,1,37,10,47,97.92,14,0,1,13,17,34,75,2,157,828,926,68.8,62.5,24,34,34
chrislusf/gleam,194,51,6,45,0,45,88.24,8,0,0,8,26,44,241,2,620,911,1171,80.4,74.5,0,0,0
chromedp/chromedp,155,1,0,1,0,1,100.00,0,0,0,0,5,4,4,2,15,1413,1413,100.0,100.0,1,1,1
chubin/wttr.in,175,22,12,9,1,10,45.45,1,0,0,1,25,20,71,2,171,1074,1261,81.8,77.3,2,2,2
cilium/cilium,225,82,48,2,32,34,41.46,6,0,0,6,140,191,849,2,1380,802,649,87.8,79.3,228,508,845
cilium/ebpf,157,14,3,10,1,11,78.57,1,0,1,0,5,30,102,2,141,1036,1311,85.7,85.7,16,23,35
claudiodangelis/qrcp,166,23,3,9,11,20,86.96,3,1,2,0,11,19,79,2,115,1150,1368,91.3,82.6,8,20,32
ClickHouse/clickhouse-go,220,77,40,37,0,37,48.05,16,7,5,4,13,54,117,2,247,689,645,77.9,70.1,42,148,173
cli/cli,250,107,49,54,4,58,54.21,0,0,0,0,61,116,729,2,942,730,629,77.6,61.7,1,1,1
cloudflare/cloudflared,237,94,82,10,2,12,12.77,15,0,10,5,43,50,208,2,338,798,795,74.5,64.9,1,1,1
cloudflare/tableflip,155,1,1,0,0,0,0.00,0,0,0,0,1,0,0,1,3,1413,1413,100.0,100.0,0,0,6
cloudnative-pg/cloudnative-pg,155,12,0,11,1,12,100.00,0,0,0,0,46,76,335,2,485,1090,1311,91.7,91.7,67,90,121
cloudquery/cloudquery,275,132,0,132,0,132,100.00,22,0,0,22,1,153,366,2,574,788,699,79.5,71.2,3690,7522,7630
cloudreve/cloudreve,253,110,23,87,0,87,79.09,30,3,4,23,59,92,324,2,1554,840,874,77.3,66.4,1,1,1
cloudwego/eino,162,19,1,7,11,18,94.74,2,0,2,0,11,27,70,2,134,1045,1354,84.2,78.9,1,1,1
cloudwego/hertz,158,14,3,0,11,11,78.57,0,0,0,0,10,11,19,2,91,1070,1232,92.9,92.9,39,60,62
cloudwego/kitex,196,53,49,3,1,4,7.55,13,2,0,11,24,17,64,2,246,993,1267,83.0,77.4,41,77,77
cloudwego/netpoll,155,11,1,0,10,10,90.91,0,0,0,0,3,0,11,2,16,1060,1267,90.9,90.9,12,17,30
cockroachdb/pebble,165,22,4,7,11,18,81.82,1,0,1,0,34,21,184,2,401,1183,1365,90.9,90.9,21,24,24
codenotary/immudb,228,85,78,5,2,7,8.24,22,1,3,18,42,70,474,2,1123,812,939,72.9,64.7,15,44,59
coder/coder,326,183,145,33,5,38,20.77,0,0,0,0,187,351,2347,2,2965,765,688,77.6,65.6,164,341,341
coder/websocket,155,0,0,0,0,0,0.00,0,0,0,0,0,0,1,2,3,,,,,,,40
codesenberg/bombardier,189,46,2,43,1,44,95.65,11,1,0,10,7,11,21,2,58,960,1249,82.6,76.1,1,1,1
concourse/concourse,155,12,2,10,0,10,83.33,0,0,0,0,102,174,774,2,2592,1090,1311,91.7,91.7,22,28,395
connectrpc/connect-go,157,2,2,0,0,0,0.00,0,0,0,0,2,0,4,2,8,993,993,100.0,100.0,17,23,40
Consensys/quorum,205,62,33,10,19,29,46.77,21,0,0,21,74,42,315,2,799,740,645,77.4,64.5,8,48,244
containerd/containerd,248,105,23,77,5,82,78.10,20,0,2,18,89,68,458,2,780,773,785,74.3,63.8,83,194,301
containerd/nerdctl,246,103,90,13,0,13,12.62,0,0,0,0,68,72,739,2,1004,728,688,73.8,62.1,28,79,91
containernetworking/cni,156,13,0,11,2,13,100.00,0,0,0,0,3,13,28,2,47,1116,1354,92.3,92.3,7,9,51
ContainerSSH/ContainerSSH,275,132,70,62,0,62,46.97,28,14,12,2,31,105,256,2,473,765,682,79.5,71.2,4,10,23
containers/podman,155,12,12,0,0,0,0.00,0,0,0,0,73,105,748,2,1012,1090,1311,91.7,91.7,72,95,262
containers/skopeo,155,12,0,12,0,12,100.00,0,0,0,0,16,82,347,2,510,1090,1311,91.7,91.7,31,41,114
contribsys/faktory,159,4,3,0,1,1,25.00,0,0,0,0,3,5,5,2,15,482,428,100.0,100.0,3,4,40
coocood/freecache,155,0,0,0,0,0,0.00,0,0,0,0,1,0,1,2,4,,,,,,,1
corazawaf/coraza,195,52,43,6,3,9,17.31,0,0,0,0,14,16,38,2,245,987,1214,84.6,78.8,15,41,41
coredns/coredns,261,118,95,13,10,23,19.49,19,1,0,18,46,154,507,2,799,811,784,78.0,66.9,12,27,81
coroot/coroot,233,90,81,9,0,9,10.00,29,0,0,29,43,56,315,2,482,819,853,73.3,65.6,1,1,1
cortesi/devd,187,44,40,3,1,4,9.09,8,0,1,7,12,15,27,2,59,903,1197,79.5,72.7,0,0,9
cortexproject/cortex,157,14,10,2,2,4,28.57,0,0,0,0,87,210,1199,2,2222,1070,1260,92.9,92.9,28,39,95
cosmos/cosmos-sdk,300,157,55,91,11,102,64.97,1,0,0,1,77,253,1006,2,1812,759,730,82.8,66.2,236,547,741
crazy-max/diun,255,112,26,86,0,86,76.79,19,6,0,13,47,121,448,2,698,855,916,76.8,66.1,7,22,78
cri-o/cri-o,168,25,11,1,13,14,56.00,0,0,0,0,87,163,1043,2,1424,841,699,96.0,92.0,84,124,295
crowdsecurity/crowdsec,265,122,100,22,0,22,18.03,20,0,0,20,95,170,510,2,930,839,811,79.5,68.0,88,203,254
CrunchyData/postgres-operator,155,12,1,11,0,11,91.67,0,0,0,0,28,100,313,2,473,1090,1311,91.7,91.7,1,1,1
cshum/imagor,155,12,0,12,0,12,100.00,0,0,0,0,24,77,466,2,648,1090,1311,91.7,91.7,76,102,192
cubefs/cubefs,160,17,11,1,5,6,35.29,0,0,0,0,47,67,200,2,881,975,960,94.1,94.1,11,16,52
cue-lang/cue,192,49,43,5,1,6,12.24,0,0,0,0,24,7,39,2,74,923,1197,81.6,75.5,65,116,154
d5/tengo,155,0,0,0,0,0,0.00,0,0,0,0,0,0,0,1,2,,,,,,,103
dagger/container-use,203,60,1,58,1,59,98.33,14,1,6,7,19,74,178,2,279,874,995,76.7,70.0,10,14,14
dagger/dagger,240,97,92,5,0,5,5.15,21,0,0,21,184,169,943,2,1431,726,695,71.1,60.8,485,978,978
dagucloud/dagu,284,141,76,65,0,65,46.10,20,8,7,5,81,424,1102,2,1914,730,646,76.6,63.1,130,272,272
danielgtaylor/huma,247,104,19,85,0,85,81.73,0,0,0,0,15,50,114,2,187,763,784,78.8,61.5,35,87,87
danielmiessler/Fabric,272,129,29,100,0,100,77.52,28,21,7,0,35,119,445,2,672,776,700,79.8,68.2,1,1,1
danvergara/dblab,192,49,29,20,0,20,40.82,19,7,7,5,25,96,369,2,522,757,695,69.4,61.2,27,75,75
dapr/dapr,274,131,104,25,2,27,20.61,1,0,0,1,85,416,1799,2,3196,773,738,73.3,65.6,155,348,396
darccio/mergo,155,0,0,0,0,0,0.00,0,0,0,0,0,0,0,1,2,,,,,,,31
databus23/helm-diff,234,91,7,84,0,84,92.31,19,1,0,18,21,115,347,2,492,853,960,75.8,67.0,26,48,77
ddev/ddev,287,144,16,128,0,128,88.89,22,2,11,9,44,139,613,2,828,693,645,78.5,67.4,25,96,246
ddworken/hishtory,272,129,6,123,0,123,95.35,39,0,0,39,34,232,1412,2,1853,724,688,79.8,64.3,109,516,516
deanxv/coze-discord-proxy,223,80,43,37,0,37,46.25,33,2,12,19,15,34,92,2,178,842,960,73.8,66.3,50,92,92
deckarep/golang-set,156,2,1,0,1,1,50.00,0,0,0,0,1,0,12,2,15,1594,1594,100.0,100.0,11,12,17
derailed/k9s,315,172,25,147,0,147,85.47,20,8,12,0,38,348,1200,2,2326,782,700,82.6,68.0,41,105,259
derailed/popeye,265,122,80,42,0,42,34.43,33,7,1,25,25,129,433,2,623,804,673,81.1,73.8,10,29,71
devspace-sh/devspace,306,163,127,36,0,36,22.09,43,26,12,5,63,148,566,2,954,794,695,82.2,74.2,1,1,1
dexidp/dex,246,103,82,20,1,21,20.39,19,1,0,18,42,104,282,2,480,842,892,75.7,67.0,15,36,98
dgraph-io/badger,160,6,5,1,0,1,16.67,2,1,1,0,11,12,21,2,48,819,993,83.3,66.7,10,19,68
dgraph-io/dgraph,270,127,120,7,0,7,5.51,22,3,1,18,68,98,331,2,1009,736,646,78.7,69.3,45,82,239
dgraph-io/ristretto,155,1,1,0,0,0,0.00,0,0,0,0,5,3,3,2,14,1413,1413,100.0,100.0,12,12,16
digitalocean/doctl,252,109,40,69,0,69,63.30,18,0,0,18,47,78,384,2,956,801,668,87.2,79.8,59,122,262
direnv/direnv,155,1,0,1,0,1,100.00,0,0,0,0,3,1,4,2,10,1413,1413,100.0,100.0,8,8,86
distribution/distribution,248,105,87,18,0,18,17.14,23,2,1,20,39,77,455,2,704,783,785,74.3,66.7,7,16,65
dkron-io/dkron,267,124,54,70,0,70,56.45,21,2,13,6,51,195,624,2,1308,874,926,80.6,70.2,1,1,1
dlvhdr/gh-dash,224,81,3,78,0,78,96.30,21,0,6,15,27,66,156,2,261,791,785,72.8,61.7,41,94,94
dnote/dnote,155,12,1,1,10,11,91.67,0,0,0,0,19,15,28,2,77,1090,1311,91.7,91.7,13,16,83
DNSControl/dnscontrol,237,94,48,46,0,46,48.94,13,0,0,13,74,106,450,2,790,837,916,75.5,67.0,1,1,1
DNSCrypt/dnscrypt-proxy,225,82,79,3,0,3,3.66,19,1,0,18,27,17,134,2,180,777,785,73.2,62.2,9,20,97
docker/buildx,309,166,100,65,1,66,39.76,22,11,10,1,72,161,889,2,1152,705,645,81.3,67.5,59,118,129
docker/compose,283,140,29,111,0,111,79.29,23,2,12,9,55,84,527,2,707,682,645,77.9,67.1,50,129,299
DominicBreuker/pspy,157,3,3,0,0,0,0.00,1,0,0,1,2,2,3,2,11,944,1413,66.7,66.7,1,1,4
dominikh/go-tools,157,13,3,0,10,10,76.92,1,0,0,1,6,2,12,2,22,1006,1267,84.6,84.6,22,33,88
donknap/dpanel,297,154,108,43,3,46,29.87,28,0,0,28,48,144,589,2,853,723,645,81.8,67.5,44,68,68
dop251/goja,158,4,3,0,1,1,25.00,0,0,0,0,7,1,10,2,32,1576,1554,100.0,100.0,0,0,0
douyu/jupiter,245,102,20,82,0,82,80.39,28,2,10,16,69,97,379,2,1260,916,1072,77.5,69.6,26,66,78
dragonflyoss/dragonfly,317,174,96,65,13,78,44.83,13,0,0,13,78,141,795,2,1743,728,645,84.5,69.0,98,317,317
drakkan/sftpgo,261,118,90,20,8,28,23.73,19,8,2,9,66,104,736,2,951,727,692,75.4,63.6,11,37,54
DrDonk/unlocker,157,3,3,0,0,0,0.00,1,0,1,0,5,0,0,1,7,944,1413,66.7,66.7,5,7,14
drk1wi/Modlishka,191,48,42,5,1,6,12.50,7,0,0,7,6,11,23,2,42,1012,1267,83.3,77.1,1,1,3
dromara/carbon,155,0,0,0,0,0,0.00,0,0,0,0,1,3,2,2,8,,,,,,,125
dtm-labs/dtm,253,110,16,94,0,94,85.45,37,7,10,20,30,136,863,2,3771,877,903,76.4,70.9,18,83,83
duke-git/lancet,159,5,3,0,2,2,40.00,0,0,0,0,2,0,7,2,11,1514,1413,100.0,100.0,69,100,100
dundee/gdu,195,52,10,41,1,42,80.77,7,0,0,7,16,28,68,2,145,931,1197,82.7,73.1,22,60,99
dunglas/mercure,165,22,6,16,0,16,72.73,0,0,0,0,20,32,91,2,146,979,1184,86.4,86.4,133,183,236
dunglas/vulcain,221,78,74,3,1,4,5.13,19,1,0,18,11,18,38,2,69,838,960,73.1,65.4,2,2,2
dustin/go-humanize,155,0,0,0,0,0,0.00,0,0,0,0,0,0,0,1,2,,,,,,,2
easegress-io/easegress,284,141,114,27,0,27,19.15,37,13,10,14,101,271,1054,2,1992,865,808,80.1,70.2,20,48,48
eclipse-paho/paho.mqtt.golang,186,43,40,0,3,3,6.98,7,0,0,7,3,0,5,2,10,895,1197,81.4,72.1,3,8,18
Ed1s0nZ/CyberStrikeAI,226,83,49,34,0,34,40.96,31,0,0,31,30,55,175,2,312,801,892,69.9,62.7,1,1,1
eddycjy/go-gin-example,205,62,8,8,46,54,87.10,43,5,4,34,14,15,46,2,111,1021,1249,82.3,77.4,0,0,0
edoardottt/cariddi,196,53,0,52,1,53,100.00,8,6,1,1,3,28,152,2,254,968,1231,81.1,75.5,12,27,27
eksctl-io/eksctl,287,144,59,85,0,85,59.03,24,4,15,5,83,365,1081,2,1771,882,885,81.9,73.6,290,742,952
elastic/go-elasticsearch,155,1,0,0,1,1,100.00,0,0,0,0,2,5,22,2,32,1413,1413,100.0,100.0,53,53,91
elazarl/goproxy,188,45,39,3,3,6,13.33,9,0,2,7,3,4,10,2,19,942,1197,82.2,75.6,1,1,1
elves/elvish,158,4,4,0,0,0,0.00,1,0,1,0,8,0,11,2,21,721,733,50.0,50.0,8,15,85
emicklei/go-restful,156,1,0,0,1,1,100.00,0,0,0,0,0,0,0,1,2,1382,1382,100.0,100.0,11,11,72
emitter-io/emitter,232,89,33,56,0,56,62.92,32,3,1,28,20,40,109,2,306,878,1030,75.3,67.4,1,2,6
encoredev/encore,282,139,88,51,0,51,36.69,33,9,4,20,85,147,738,2,2600,738,646,78.4,69.1,107,217,218
EndlessCheng/codeforces-go,155,11,10,1,0,1,9.09,0,0,0,0,7,14,15,2,40,1060,1267,90.9,90.9,0,0,3
entireio/cli,229,86,33,53,0,53,61.63,6,0,5,1,30,102,295,2,444,806,877,74.4,62.8,55,73,73
ent/ent,162,19,1,7,11,18,94.74,1,0,1,0,16,33,62,2,196,1191,1375,89.5,89.5,19,30,57
ergo-services/ergo,155,0,0,0,0,0,0.00,0,0,0,0,0,0,0,1,2,,,,,,,26
ergochat/ergo,193,50,33,7,10,17,34.00,14,0,1,13,21,27,69,2,128,836,926,70.0,64.0,12,31,78
erigontech/erigon,229,86,86,0,0,0,0.00,0,0,0,0,116,327,836,2,1551,798,916,73.3,64.0,94,253,421
esm-dev/esm.sh,193,50,39,4,7,11,22.00,7,0,0,7,9,5,21,2,37,780,873,82.0,62.0,31,106,112
esrrhs/pingtunnel,223,80,70,10,0,10,12.50,21,0,1,20,4,14,40,2,125,737,784,72.5,61.3,1,1,1
etcd-io/bbolt,159,16,3,1,12,13,81.25,0,0,0,0,6,8,59,2,77,996,1311,81.3,81.3,12,15,35
ethereum-optimism/optimism,186,43,30,13,0,13,30.23,14,0,0,14,64,205,700,2,1380,733,695,65.1,58.1,1297,3948,3974
ethereum/go-ethereum,261,118,51,48,19,67,56.78,23,2,3,18,79,78,303,2,576,820,785,79.7,66.9,41,91,274
evanw/esbuild,155,1,1,0,0,0,0.00,0,0,0,0,1,0,0,1,3,1413,1413,100.0,100.0,1,1,1
evcc-io/evcc,253,110,89,21,0,21,19.09,20,6,1,13,115,132,577,2,1247,747,614,75.5,60.9,124,287,339
everywall/ladder,197,54,10,43,1,44,81.48,8,0,6,2,5,14,29,2,113,848,960,83.3,72.2,14,24,24
evilmartians/lefthook,166,22,0,12,10,22,100.00,2,0,2,0,32,32,78,2,145,1079,1340,86.4,77.3,127,184,217
evrone/go-clean-template,239,96,48,48,0,48,50.00,19,0,1,18,22,398,922,2,2844,757,785,74.0,64.6,1,1,1
expr-lang/expr,157,2,0,0,2,2,100.00,0,0,0,0,0,0,0,1,2,297,297,100.0,50.0,4,7,102
external-secrets/external-secrets,259,116,5,108,3,111,95.69,21,1,9,11,77,340,1151,2,2273,829,809,79.3,69.8,118,260,260
eyebluecn/tank,196,53,32,11,10,21,39.62,23,1,2,20,8,19,50,2,83,733,702,66.0,58.5,1,1,1
fabiolb/fabio,237,94,51,42,1,43,45.74,14,1,0,13,23,63,411,2,640,728,653,73.4,62.8,7,14,74
FairwindsOps/goldilocks,198,55,4,50,1,51,92.73,8,2,1,5,14,47,199,2,291,987,1231,83.6,78.2,34,61,92
FairwindsOps/polaris,200,57,6,50,1,51,89.47,8,2,1,5,17,61,220,2,303,972,1231,84.2,77.2,1,1,1
fatedier/frp,246,103,90,13,0,13,12.62,24,8,11,5,34,38,149,2,294,866,938,77.7,68.0,24,50,113
fatih/color,157,3,3,0,0,0,0.00,1,0,1,0,3,0,3,2,8,944,1413,66.7,66.7,1,1,1
FerretDB/FerretDB,235,92,52,40,0,40,43.48,28,4,6,18,25,34,185,2,273,761,785,68.5,60.9,31,79,79
ffuf/ffuf,186,42,0,42,0,42,100.00,16,9,2,5,5,4,5,2,26,868,1114,78.6,71.4,2,9,27
filebrowser/filebrowser,261,118,46,50,22,72,61.02,21,0,6,15,28,47,107,2,434,685,428,72.9,51.7,55,107,194
FiloSottile/age,188,45,34,0,11,11,24.44,15,1,10,4,8,1,19,2,31,701,533,66.7,57.8,3,10,18
Finb/bark-server,203,60,49,10,1,11,18.33,6,1,0,5,11,25,85,2,134,841,954,83.3,71.7,1,1,1
fish2018/pansou,225,82,44,38,0,38,46.34,28,0,0,28,7,27,50,2,128,814,926,72.0,64.6,7,11,11
fission/fission,266,123,63,60,0,60,48.78,15,0,13,2,48,183,891,2,1367,766,738,76.4,65.0,15,44,108
flannel-io/flannel,204,61,7,53,1,54,88.52,7,2,0,5,26,103,373,2,607,944,1197,82.0,75.4,33,67,100
fleetdm/fleet,309,166,127,22,17,39,23.49,23,3,19,1,183,187,1280,2,1819,736,692,76.5,62.0,243,532,577
flexprice/flexprice,155,12,1,11,0,11,91.67,0,0,0,0,62,141,436,2,775,1090,1311,91.7,91.7,70,76,76
flike/kingshard,158,4,3,0,1,1,25.00,1,0,0,1,4,2,14,2,83,1630,1642,100.0,100.0,0,0,8
flipt-io/flipt,295,152,131,21,0,21,13.82,2,2,0,0,102,235,976,2,1446,718,646,80.3,69.7,90,214,254
flosch/pongo2,158,3,3,0,0,0,0.00,0,0,0,0,1,0,5,2,8,1630,1695,100.0,100.0,3,4,12
fluxcd/flagger,237,94,15,79,0,79,84.04,23,2,1,20,30,69,580,2,683,847,916,75.5,69.1,14,42,108
fluxcd/flux2,268,125,55,70,0,70,56.00,20,8,12,0,58,205,593,2,987,850,939,79.2,71.2,37,122,209
flyteorg/flyte,258,115,32,83,0,83,72.17,24,4,0,20,81,140,940,2,1190,793,785,74.8,67.8,398,814,830
fnproject/fn,155,12,11,1,0,1,8.33,0,0,0,0,27,66,256,2,1041,1090,1311,91.7,91.7,1,1,1
fortio/fortio,201,58,42,15,1,16,27.59,11,4,2,5,16,15,76,2,109,871,1030,77.6,72.4,1,1,1
foxcpp/maddy,234,91,75,12,4,16,17.58,32,0,0,32,55,105,410,2,1421,812,785,74.7,67.0,1,1,1
fsnotify/fsnotify,157,3,3,0,0,0,0.00,1,0,1,0,1,0,1,2,4,944,1413,66.7,66.7,4,6,44
fullstorydev/grpcurl,198,55,5,49,1,50,90.91,8,0,3,5,4,19,105,2,131,876,960,80.0,74.5,4,13,27
future-architect/vuls,221,78,7,71,0,71,91.03,21,0,0,21,54,315,1320,2,1765,757,761,69.2,60.3,37,86,153
fyne-io/fyne,155,12,1,10,1,11,91.67,0,0,0,0,38,15,49,2,143,1090,1311,91.7,91.7,62,81,139
g3n/engine,155,0,0,0,0,0,0.00,0,0,0,0,4,0,2,2,9,,,,,,,2
gardener/gardener,302,159,81,76,2,78,49.06,8,3,5,0,89,244,1344,2,2052,783,646,80.5,70.4,284,627,826
garethgeorge/backrest,231,88,75,13,0,13,14.77,27,7,7,13,32,28,143,2,205,769,800,70.5,63.6,33,60,60
gastownhall/beads,213,70,8,62,0,62,88.57,7,5,2,0,34,220,713,2,1958,963,1214,82.9,71.4,90,117,117
gastownhall/gastown,203,60,10,50,0,50,83.33,8,0,8,0,30,95,333,2,466,864,995,80.0,68.3,18,24,24
gdamore/tcell,158,4,4,0,0,0,0.00,0,0,0,0,7,0,6,2,45,1576,1554,100.0,100.0,51,63,76
gdy666/lucky,230,87,47,40,0,40,45.98,42,0,0,42,11,28,79,2,156,875,1009,74.7,66.7,1,1,1
Gentleman-Programming/engram,196,53,14,39,0,39,73.58,17,0,4,13,8,52,97,2,163,782,785,66.0,60.4,1,1,1
Gentleman-Programming/gentle-ai,160,6,0,6,0,6,100.00,1,0,1,0,4,20,37,2,63,1287,1413,83.3,83.3,1,1,1
getfider/fider,237,94,79,15,0,15,15.96,26,0,0,26,24,216,349,2,673,800,853,73.4,67.0,11,20,40
getgauge/gauge,194,51,5,45,1,46,90.20,7,0,2,5,19,14,59,2,99,911,1171,80.4,74.5,28,50,110
getkin/kin-openapi,160,6,0,4,2,6,100.00,0,0,0,0,9,8,17,2,36,1351,1394,100.0,100.0,1,1,1
getsops/sops,243,100,82,18,0,18,18.00,0,0,0,0,43,107,491,2,757,737,698,76.0,63.0,10,19,47
ghuntley/how-to-build-a-coding-agent,163,20,0,8,12,20,100.00,1,0,0,1,2,10,52,2,66,1238,1379,90.0,90.0,0,0,0
gin-gonic/examples,223,80,32,48,0,48,60.00,21,1,7,13,10,30,71,2,122,828,960,72.5,65.0,0,0,0
gin-gonic/gin,229,86,48,35,3,38,44.19,21,0,3,18,15,20,65,2,109,799,835,74.4,64.0,4,14,38
git-bug/git-bug,242,99,85,14,0,14,14.14,24,15,7,2,36,77,157,2,313,753,785,74.7,62.6,3,5,14
git-lfs/git-lfs,191,48,42,4,2,6,12.50,8,2,1,5,21,17,22,2,78,906,1197,81.3,72.9,7,19,108
github/gh-aw,195,52,35,17,0,17,32.69,0,0,0,0,24,86,324,2,437,723,533,65.4,57.7,249,380,380
github/gh-ost,162,19,3,5,11,16,84.21,2,0,0,2,13,62,123,2,260,1060,1325,89.5,84.2,5,10,56
github/git-sizer,157,2,0,1,1,2,100.00,0,0,0,0,4,6,5,2,24,1010,1010,100.0,100.0,0,0,6
github/github-mcp-server,199,56,9,46,1,47,83.93,10,0,8,2,16,23,42,2,116,851,995,78.6,66.1,49,67,67
gitleaks/gitleaks,193,50,0,40,10,50,100.00,19,1,2,16,16,58,186,2,497,795,839,70.0,60.0,37,111,191
glanceapp/glance,222,79,37,42,0,42,53.16,26,7,1,18,7,17,41,2,130,834,960,72.2,64.6,20,33,33
glasskube/glasskube,207,64,6,57,1,58,90.63,13,3,9,1,27,69,235,2,361,1022,1288,82.8,78.1,35,51,51
go-acme/lego,245,102,86,16,0,16,15.69,0,0,0,0,97,118,498,2,2599,822,809,76.5,67.6,38,71,115
go-chi/chi,157,2,0,0,2,2,100.00,0,0,0,0,0,0,1,2,3,219,219,100.0,0.0,1,1,1
go-co-op/gocron,155,0,0,0,0,0,0.00,0,0,0,0,5,5,9,2,23,,,,,,,1
go-delve/delve,157,3,3,0,0,0,0.00,1,0,1,0,15,7,27,2,52,944,1413,66.7,66.7,14,21,59
go-echarts/go-echarts,155,0,0,0,0,0,0.00,0,0,0,0,1,5,5,2,14,,,,,,,42
go-gitea/gitea,270,127,111,16,0,16,12.60,0,0,0,0,116,163,583,2,1050,762,702,77.2,63.0,50,131,251
go-git/go-git,219,76,71,5,0,5,6.58,0,0,0,0,17,6,30,2,60,749,785,71.1,60.5,19,37,94
go-gorm/gorm,158,3,3,0,0,0,0.00,0,0,0,0,3,2,4,2,11,1630,1695,100.0,100.0,44,56,117
go-gost/gost,250,107,0,107,0,107,100.00,21,0,0,21,5,157,404,2,665,841,938,78.5,65.4,1,1,1
go-ini/ini,155,0,0,0,0,0,0.00,0,0,0,0,1,0,4,2,16,,,,,,,1
go-jet/jet,157,3,0,2,1,3,100.00,0,0,0,0,6,7,11,2,32,963,1375,100.0,66.7,1,1,1
go-kratos/kratos,196,53,7,45,1,46,86.79,6,0,1,5,11,7,55,2,79,937,1197,81.1,75.5,14,48,73
go-macaron/macaron,184,41,29,0,12,12,29.27,16,0,0,16,5,4,34,2,46,737,695,65.9,58.5,1,1,1
go-mysql-org/go-mysql,160,5,1,4,0,4,80.00,0,0,0,0,10,12,40,2,71,1273,1375,100.0,80.0,10,16,19
go-pay/gopay,183,40,29,0,11,11,27.50,13,0,0,13,7,0,6,2,15,708,614,65.0,57.5,1,1,1
go-playground/validator,188,45,32,3,10,13,28.89,0,0,0,0,7,1,12,2,22,770,785,66.7,60.0,16,39,184
go-redsync/redsync,160,16,3,3,10,13,81.25,1,0,0,1,12,5,51,2,86,898,1079,87.5,87.5,11,20,49
go-resty/resty,184,41,39,0,2,2,4.88,9,0,0,9,1,0,5,2,8,889,1197,80.5,73.2,26,42,88
go-rod/rod,155,0,0,0,0,0,0.00,0,0,0,0,6,1,3,2,19,,,,,,,367
go-shiori/shiori,266,123,77,45,1,46,37.40,34,17,7,10,35,98,229,2,446,715,645,76.4,67.5,11,29,32
go-sql-driver/mysql,156,1,1,0,0,0,0.00,0,0,0,0,1,0,1,2,4,100,100,100.0,0.0,1,1,27
go-swagger/go-swagger,224,81,6,75,0,75,92.59,0,0,0,0,31,34,85,2,156,827,960,72.8,63.0,8,16,69
go-task/task,241,98,6,92,0,92,93.88,19,1,0,18,29,98,519,2,652,785,785,75.5,66.3,1,1,1
go-vgo/robotgo,164,10,0,10,0,10,100.00,3,0,0,3,9,14,43,2,69,693,866,60.0,60.0,9,18,74
go-vikunja/vikunja,269,126,91,11,24,35,27.78,25,7,1,17,70,111,268,2,721,607,359,64.3,50.0,15,40,59
goadesign/goa,199,56,12,42,2,44,78.57,0,0,0,0,14,17,55,2,88,928,1184,82.1,73.2,52,106,156
gobuffalo/buffalo,194,51,5,45,1,46,90.20,8,5,1,2,18,23,38,2,92,980,1267,82.4,76.5,7,32,167
gobwas/ws,155,1,0,1,0,1,100.00,0,0,0,0,2,1,0,1,5,1413,1413,100.0,100.0,6,6,19
goccy/go-json,155,0,0,0,0,0,0.00,0,0,0,0,0,0,0,1,2,,,,,,,1
gocolly/colly,191,48,40,6,2,8,16.67,8,7,0,1,12,7,22,2,116,943,1197,81.3,75.0,1,2,8
gofiber/fiber,222,79,73,3,3,6,7.59,0,0,0,0,14,8,26,2,50,758,785,72.2,59.5,26,79,143
gofiber/recipes,155,0,0,0,0,0,0.00,0,0,0,0,0,0,1,2,3,,,,,,,0
gofireflyio/aiac,157,3,0,3,0,3,100.00,1,0,1,0,12,21,33,2,499,944,1413,66.7,66.7,13,19,19
gofr-dev/gofr,240,97,23,74,0,74,76.29,6,0,1,5,46,58,445,2,1085,789,785,76.3,67.0,122,196,196
gogf/gf,192,49,45,3,1,4,8.16,11,1,1,9,15,12,32,2,62,941,1231,81.6,73.5,943,1579,1683
gogs/gogs,291,148,87,15,46,61,41.22,24,12,4,8,59,90,328,2,694,684,645,77.7,62.2,1,1,1
gohugoio/hugo,235,92,55,35,2,37,40.22,13,0,0,13,80,105,528,2,1141,794,800,72.8,66.3,101,223,374
gokcehan/lf,160,6,3,3,0,3,50.00,0,0,0,0,6,4,8,2,50,1287,1413,83.3,83.3,13,19,41
golang-jwt/jwt,156,1,0,0,1,1,100.00,0,0,0,0,0,0,1,2,3,428,428,100.0,100.0,3,3,37
golang-migrate/migrate,279,136,42,94,0,94,69.12,30,6,9,15,36,172,563,2,2293,730,646,78.7,70.6,6,17,69
golangci/golangci-lint,167,24,6,7,11,18,75.00,0,0,0,0,144,79,366,2,1024,1038,1296,91.7,79.2,68,108,202
golang/crypto,217,74,42,3,29,32,43.24,6,1,0,5,3,1,6,2,12,784,839,70.3,62.2,28,52,52
golang/oauth2,156,1,0,0,1,1,100.00,0,0,0,0,1,0,1,2,4,457,457,100.0,100.0,1,1,1
golang/tools,186,43,39,3,1,4,9.30,6,5,0,1,6,1,5,2,14,881,1197,79.1,72.1,108,228,312
gomods/athens,243,100,6,94,0,94,94.00,22,1,1,20,46,143,1081,2,1739,772,743,76.0,67.0,10,19,36
gonum/gonum,165,21,0,11,10,21,100.00,0,0,0,0,3,15,33,2,85,983,1197,81.0,81.0,5,10,19
goodrain/rainbond,155,12,12,0,0,0,0.00,0,0,0,0,100,188,1188,2,3226,1090,1311,91.7,91.7,1,1,1
goodwithtech/dockle,210,67,1,56,10,66,98.51,9,4,2,3,9,86,317,2,522,846,699,92.5,85.1,4,23,78
googleapis/google-api-go-client,226,83,48,35,0,35,42.17,13,0,0,13,18,11,111,2,219,783,814,72.3,65.1,109,240,291
googleapis/google-cloud-go,227,84,7,77,0,77,91.67,19,1,0,18,12,37,335,2,386,774,800,72.6,64.3,3576,7141,7360
googleapis/mcp-toolbox,248,105,20,85,0,85,80.95,20,0,0,20,71,199,767,2,1198,705,533,73.3,62.9,27,42,42
GoogleCloudPlatform/golang-samples,233,90,6,84,0,84,93.33,19,1,0,18,15,46,372,2,4121,794,809,73.3,65.6,0,0,0
GoogleCloudPlatform/kubectl-ai,258,115,4,111,0,111,96.52,37,11,10,16,19,119,324,2,655,841,785,78.3,70.4,1,1,1
GoogleContainerTools/skaffold,341,198,113,85,0,85,42.93,22,11,11,0,98,234,1672,2,2164,733,645,83.8,70.2,38,129,211
googleforgames/open-match,238,95,50,45,0,45,47.37,35,3,2,30,29,74,507,2,1151,872,960,75.8,68.4,5,14,41
google/adk-go,237,94,14,80,0,80,85.11,20,2,0,18,35,56,432,2,527,742,743,69.1,61.7,8,11,11
google/cadvisor,198,55,9,45,1,46,83.64,8,0,3,5,29,42,146,2,248,932,1197,81.8,74.5,1,1,1
google/go-cloud,236,93,78,15,0,15,16.13,23,2,1,20,65,60,487,2,1085,764,785,74.2,65.6,69,158,228
google/go-cmp,155,0,0,0,0,0,0.00,0,0,0,0,0,0,1,2,3,,,,,,,18
google/go-containerregistry,163,19,3,6,10,16,84.21,0,0,0,0,12,25,65,2,104,873,960,84.2,78.9,20,31,49
google/go-github,155,0,0,0,0,0,0.00,0,0,0,0,2,0,3,2,7,,,,,,,150
google/gops,157,3,3,0,0,0,0.00,1,0,1,0,5,9,15,2,37,944,1413,66.7,66.7,1,1,1
google/mtail,164,20,5,5,10,15,75.00,3,1,1,1,9,14,200,2,512,933,1066,85.0,85.0,12,18,94
google/osv-scanner,297,154,22,132,0,132,85.71,21,7,14,0,31,176,548,2,842,742,646,78.6,67.5,31,62,62
google/pprof,155,1,0,1,0,1,100.00,0,0,0,0,2,1,5,2,11,1413,1413,100.0,100.0,0,0,0
google/syzkaller,155,12,1,11,0,11,91.67,0,0,0,0,40,300,1171,2,1659,1090,1311,91.7,91.7,0,0,0
google/trillian,194,51,8,43,0,43,84.31,6,0,0,6,42,165,929,2,1371,911,1171,80.4,74.5,6,13,52
gopasspw/gopass,230,87,73,14,0,14,16.09,21,1,9,11,43,51,117,2,254,767,785,74.7,60.9,16,43,101
GopeedLab/gopeed,247,104,13,91,0,91,87.50,35,20,14,1,23,129,485,2,1035,721,537,76.0,58.7,27,61,62
gopherjs/gopherjs,158,14,4,0,10,10,71.43,1,0,0,1,14,2,10,2,34,946,1232,85.7,78.6,10,15,38
goplus/xgo,186,43,39,3,1,4,9.30,9,5,1,3,8,2,9,2,22,881,1197,79.1,72.1,37,108,168
goravel/goravel,247,104,3,101,0,101,97.12,27,3,6,18,5,140,257,2,468,745,739,73.1,61.5,32,82,82
goreleaser/goreleaser,279,136,37,99,0,99,72.79,6,1,0,5,57,315,1422,2,1931,717,646,78.7,61.8,1,1,1
gorse-io/gorse,261,118,26,92,0,92,77.97,28,5,5,18,92,172,974,2,1534,774,743,76.3,64.4,18,49,49
gosom/google-maps-scraper,248,105,36,69,0,69,65.71,20,13,4,3,38,266,655,2,1061,806,805,76.2,64.8,42,72,72
gotenberg/gotenberg,203,60,45,12,3,15,25.00,7,0,0,7,31,104,228,2,381,823,950,75.0,68.3,45,98,132
gotify/server,244,101,35,64,2,66,65.35,25,2,5,18,21,55,150,2,236,767,783,75.2,64.4,12,30,69
gptscript-ai/gptscript,249,106,18,88,0,88,83.02,25,16,7,2,38,112,316,2,752,791,821,76.4,65.1,32,60,60
grafana/alloy,161,18,17,0,1,1,5.56,1,0,0,1,320,765,3184,2,4888,1028,1232,88.9,88.9,158,186,186
grafana/k6,234,91,85,6,0,6,6.59,20,6,1,13,61,32,148,2,422,808,892,72.5,63.7,29,59,120
grafana/mcp-grafana,216,73,8,64,1,65,89.04,7,1,1,5,32,132,548,2,756,928,960,84.9,76.7,41,52,52
grafana/mimir,259,116,81,35,0,35,30.17,13,0,0,13,97,232,1135,2,2274,855,916,75.9,68.1,198,418,463
grafana/pyroscope,259,116,61,55,0,55,47.41,19,6,0,13,101,244,990,2,1582,833,809,75.0,66.4,435,1096,1115
grafana/tempo,265,122,59,63,0,63,51.64,0,0,0,0,110,327,1086,2,1752,848,809,76.2,68.0,35,73,78
graph-gophers/graphql-go,156,1,0,0,1,1,100.00,0,0,0,0,3,5,15,2,27,1413,1413,100.0,100.0,10,10,15
graphql-go/graphql,156,1,0,0,1,1,100.00,0,0,0,0,0,0,0,1,2,1374,1374,100.0,100.0,1,1,15
gravitational/teleport,161,18,12,0,6,6,33.33,0,0,0,0,275,330,1706,2,2490,916,873,94.4,83.3,3808,5741,6721
gravitl/netmaker,239,96,36,50,10,60,62.50,24,0,0,24,45,65,235,2,431,735,645,70.8,62.5,23,87,89
grpc-ecosystem/go-grpc-middleware,195,52,44,7,1,8,15.38,9,1,3,5,7,13,72,2,101,920,1184,80.8,75.0,14,27,37
grpc-ecosystem/grpc-gateway,196,53,8,44,1,45,84.91,6,1,0,5,14,31,148,2,197,887,1030,81.1,71.7,26,55,124
grpc/grpc-go,200,57,47,6,4,10,17.54,7,0,2,5,22,12,117,2,153,855,960,80.7,73.7,75,153,253
gruntwork-io/cloud-nuke,234,91,9,82,0,82,90.11,21,2,1,18,78,74,509,2,701,787,804,73.6,64.8,32,97,130
gruntwork-io/terragrunt,270,127,27,100,0,100,78.74,21,6,13,2,86,208,900,2,1787,826,804,78.7,68.5,339,654,944
gruntwork-io/terratest,261,118,49,69,0,69,58.47,23,12,10,1,93,140,627,2,959,845,810,76.3,67.8,49,157,425
guptarohit/asciigraph,155,0,0,0,0,0,0.00,0,0,0,0,0,0,0,1,2,,,,,,,23
gwuhaolin/livego,164,20,3,0,17,17,85.00,6,1,3,2,10,2,57,2,158,1255,1382,95.0,90.0,1,1,14
hacdias/webdav,221,78,72,6,0,6,7.69,19,0,0,19,12,15,36,2,66,774,785,71.8,61.5,1,1,1
Hackl0us/GeoIP2-CN,158,4,1,0,3,3,75.00,3,0,2,1,3,0,10,2,21,749,789,75.0,50.0,0,0,0
hairyhenderson/gomplate,256,113,38,75,0,75,66.37,8,1,0,7,38,145,701,2,1026,775,785,76.1,65.5,11,24,77
hajimehoshi/ebiten,167,23,13,0,10,10,43.48,0,0,0,0,19,5,38,2,65,959,1197,78.3,78.3,101,224,358
harvester/harvester,405,262,139,123,0,123,46.95,66,0,0,66,80,223,1730,2,2340,726,645,88.5,77.5,89,166,172
hashicorp/boundary,255,112,89,20,3,23,20.54,20,2,10,8,97,115,817,2,1174,770,744,75.0,66.1,63,176,201
hashicorp/consul-template,230,87,9,77,1,78,89.66,21,2,1,18,28,33,134,2,314,824,892,73.6,64.4,1,1,1
hashicorp/consul,289,146,99,15,32,47,32.19,20,1,13,6,111,160,842,2,1773,788,646,81.5,74.0,216,454,609
hashicorp/go-memdb,155,0,0,0,0,0,0.00,0,0,0,0,1,1,3,2,7,,,,,,,16
hashicorp/go-plugin,195,52,6,45,1,46,88.46,11,1,3,7,7,8,53,2,77,902,1101,80.8,75.0,9,19,28
hashicorp/golang-lru,155,0,0,0,0,0,0.00,0,0,0,0,0,0,0,1,2,,,,,,,21
hashicorp/hcl,160,16,0,6,10,16,100.00,1,0,1,0,11,4,14,2,31,1123,1340,87.5,87.5,18,32,50
hashicorp/memberlist,158,15,3,11,1,12,80.00,0,0,0,0,8,12,74,2,217,1246,1396,93.3,93.3,6,11,23
hashicorp/nomad,307,164,73,59,32,91,55.49,2,0,0,2,131,208,1035,2,1607,787,647,82.3,73.8,93,225,381
hashicorp/packer,284,141,63,78,0,78,55.32,22,8,12,2,47,341,1086,2,2148,787,748,80.1,66.7,1,1,1
hashicorp/raft,155,11,0,1,10,11,100.00,0,0,0,0,4,11,47,2,187,1060,1267,90.9,90.9,7,10,30
hashicorp/serf,218,75,0,75,0,75,100.00,29,0,1,28,10,31,79,2,252,802,892,70.7,62.7,2,7,35
hashicorp/terraform-provider-aws,228,85,32,53,0,53,62.35,0,0,0,0,319,66,221,2,646,768,785,72.9,63.5,125,308,500
hashicorp/terraform-provider-azurerm,234,91,36,55,0,55,60.44,0,0,0,0,49,56,266,2,442,766,785,74.7,64.8,104,261,392
hashicorp/terraform,260,117,91,24,2,26,22.22,0,0,0,0,80,223,804,2,1422,810,785,76.9,67.5,119,263,450
hashicorp/vault,338,195,109,35,51,86,44.10,2,0,0,2,214,339,1373,2,2283,772,685,85.6,72.3,126,337,480
hatchet-dev/hatchet,287,144,88,56,0,56,38.89,26,10,5,11,93,167,494,2,787,757,695,79.2,69.4,732,1080,1080
helmfile/helmfile,299,156,21,135,0,135,86.54,19,2,8,9,40,303,1155,2,1637,835,785,84.0,71.8,49,101,382
helm/chartmuseum,274,131,18,113,0,113,86.26,23,2,6,15,14,164,675,2,1311,849,814,82.4,73.3,4,9,42
helm/helm,251,108,38,70,0,70,64.81,0,0,0,0,47,125,386,2,655,824,916,75.9,66.7,54,109,253
henrygd/beszel,230,87,34,52,1,53,60.92,23,14,3,6,20,39,95,2,168,770,785,70.1,63.2,44,73,73
heroiclabs/nakama,232,89,44,45,0,45,50.56,19,0,1,18,32,39,157,2,306,794,805,71.9,65.2,1,1,1
hibiken/asynq,162,8,8,0,0,0,0.00,1,0,1,0,9,2,18,2,31,763,621,87.5,87.5,3,5,54
httprunner/httprunner,245,102,50,52,0,52,50.98,34,0,0,34,40,106,394,2,697,854,915,76.5,66.7,9,47,112
hybridgroup/gobot,155,12,11,1,0,1,8.33,0,0,0,0,20,23,61,2,114,1090,1311,91.7,91.7,1,1,1
hybridgroup/gocv,155,1,0,0,1,1,100.00,0,0,0,0,3,2,10,2,19,1413,1413,100.0,100.0,1,1,1
hyperledger/fabric,232,89,9,79,1,80,89.89,19,0,0,19,38,81,408,2,2074,755,785,74.2,61.8,20,58,108
iann0036/iamlive,159,5,2,3,0,3,60.00,2,0,1,1,9,2,10,2,28,963,1171,80.0,80.0,1,1,1
iawia002/lux,196,53,3,49,1,50,94.34,12,9,2,1,15,35,95,2,215,953,1197,79.2,73.6,8,17,86
IBAX-io/go-ibax,241,98,38,55,5,60,61.22,38,0,0,38,33,70,169,2,806,811,768,75.5,68.4,1,2,2
IBM/sarama,212,69,40,29,0,29,42.03,0,0,0,0,12,9,21,2,84,749,785,69.6,60.9,1,1,1
ibnaleem/gosearch,185,42,0,32,10,42,100.00,14,0,1,13,5,13,16,2,36,708,614,64.3,57.1,1,1,1
imroc/req,228,85,52,32,1,33,38.82,22,2,6,14,9,4,41,2,57,742,695,74.1,61.2,1,1,1
influxdata/telegraf,323,180,152,28,0,28,15.56,4,4,0,0,255,345,1904,2,4180,723,645,73.9,61.1,37,101,280
infracost/infracost,278,135,32,103,0,103,76.30,23,9,7,7,85,201,1083,2,2978,832,804,80.7,71.1,1,1,1
inngest/inngest,255,112,20,92,0,92,82.14,24,7,6,11,105,179,731,2,1934,769,698,74.1,63.4,131,255,255
instrumenta/kubeval,161,3,0,0,3,3,100.00,3,0,1,2,7,3,43,2,292,1703,1870,100.0,100.0,0,0,26
ipfs/kubo,264,121,49,72,0,72,59.50,21,3,0,18,92,173,774,2,1794,835,938,79.3,66.9,51,106,218
irbis-sh/zen-desktop,189,46,42,4,0,4,8.70,8,0,6,2,14,42,145,2,243,930,1214,80.4,73.9,31,43,43
IrineSistiana/mosdns,234,91,59,32,0,32,35.16,21,2,1,18,23,31,103,2,160,790,785,75.8,61.5,19,85,131
istio/community,155,12,0,0,12,12,100.00,0,0,0,0,2,3,130,2,140,1090,1311,91.7,91.7,0,0,0
istio/istio,155,12,11,1,0,1,8.33,0,0,0,0,113,113,786,2,1057,1090,1311,91.7,91.7,143,187,441
itchyny/gojq,155,1,0,1,0,1,100.00,0,0,0,0,5,3,5,2,15,1413,1413,100.0,100.0,1,1,1
iyear/tdl,222,79,44,35,0,35,44.30,13,0,0,13,41,65,209,2,359,750,695,70.9,59.5,1,1,1
j3ssie/osmedeus,234,91,74,17,0,17,18.68,22,0,0,22,66,184,533,2,869,871,1030,75.8,67.0,13,29,38
jackc/pgx,162,7,3,0,4,4,57.14,0,0,0,0,6,5,13,2,35,927,805,71.4,71.4,24,56,107
jaegertracing/jaeger,259,116,25,90,1,91,78.45,19,1,5,13,119,218,698,2,1138,791,713,74.1,64.7,39,84,124
jedib0t/go-pretty,160,6,6,0,0,0,0.00,1,0,1,0,6,6,19,2,49,1287,1413,83.3,83.3,41,59,95
jeessy2/ddns-go,218,75,75,0,0,0,0.00,20,1,1,18,7,0,9,2,18,792,892,70.7,62.7,1,1,1
jenkins-x/jx,233,90,4,86,0,86,95.56,22,3,1,18,15,66,201,2,341,870,985,75.6,66.7,317,861,3830
jesseduffield/lazydocker,194,51,32,9,10,19,37.25,4,2,1,1,26,45,88,2,194,780,646,90.2,84.3,1,1,1
jesseduffield/lazygit,167,24,7,16,1,17,70.83,0,0,0,0,35,29,117,2,224,1068,1340,87.5,79.2,1,1,1
jetify-com/devbox,174,31,5,15,11,26,83.87,2,0,0,2,44,247,521,2,1283,1006,1197,87.1,80.6,141,225,225
jetify-com/typeid,155,0,0,0,0,0,0.00,0,0,0,0,2,4,13,2,23,,,,,,,2
Jguer/yay,187,44,42,1,1,2,4.55,6,0,0,6,16,11,40,2,79,901,1197,79.5,72.7,19,43,108
jinzhu/copier,155,0,0,0,0,0,0.00,0,0,0,0,0,0,0,1,2,,,,,,,17
jinzhu/now,155,0,0,0,0,0,0.00,0,0,0,0,0,0,0,1,2,,,,,,,8
joewalnes/websocketd,156,1,1,0,0,0,0.00,0,0,0,0,1,0,1,2,4,1870,1870,100.0,100.0,0,0,26
JohannesKaufmann/html-to-markdown,186,43,39,3,1,4,9.30,7,5,1,1,8,7,22,2,108,881,1197,79.1,72.1,1,1,1
johnkerl/miller,189,46,7,29,10,39,84.78,13,0,0,13,17,10,46,2,80,783,839,67.4,60.9,9,25,74
joho/godotenv,155,0,0,0,0,0,0.00,0,0,0,0,0,0,0,1,2,,,,,,,1
jorgerojas26/lazysql,220,77,0,77,0,77,100.00,33,2,3,28,14,31,72,2,148,769,785,71.4,62.3,1,1,1
jpillora/chisel,219,76,69,6,1,7,9.21,22,8,3,11,9,5,7,2,24,796,839,71.1,63.2,1,1,1
juanfont/headscale,281,138,110,28,0,28,20.29,2,2,0,0,56,160,851,2,1160,704,645,78.3,68.1,48,164,164
juggleim/im-server,254,111,19,92,0,92,82.88,31,0,0,31,45,168,577,2,973,827,814,78.4,69.4,0,0,0
juicedata/juicefs,283,140,96,44,0,44,31.43,38,0,0,38,101,233,937,2,1470,793,699,77.1,67.1,21,59,66
junegunn/fzf,160,6,3,3,0,3,50.00,1,0,1,0,7,4,9,2,52,1287,1413,83.3,83.3,55,71,174
jwilder/dockerize,184,41,0,31,10,41,100.00,13,0,0,13,4,18,25,2,49,726,695,65.9,58.5,10,16,27
k0sproject/k0s,328,185,114,71,0,71,38.38,8,3,5,0,78,205,925,2,1352,790,646,87.0,76.8,221,537,587
k1LoW/tbls,258,115,12,103,0,103,89.57,20,1,6,13,43,147,739,2,1085,724,695,75.7,65.2,46,104,236
k3d-io/k3d,242,99,38,61,0,61,61.62,16,4,4,8,28,94,106,2,2423,861,713,86.9,79.8,17,75,171
k3s-io/k3s,338,195,115,79,1,80,41.03,24,0,0,24,100,344,1111,2,3451,716,645,76.9,65.6,289,798,1057
k8sgpt-ai/k8sgpt,339,196,82,113,1,114,58.16,41,19,15,7,57,220,1356,2,3148,795,657,85.2,75.0,57,113,113
karmada-io/karmada,246,103,56,43,4,47,45.63,23,4,6,13,59,141,468,2,1132,860,939,76.7,69.9,115,205,209
karol-broda/snitch,161,18,0,7,11,18,100.00,1,0,0,1,9,38,139,2,198,1154,1365,88.9,88.9,12,13,13
kataras/iris,232,89,85,3,1,4,4.49,22,1,7,14,43,59,104,2,253,807,892,74.2,66.3,4,9,22
kedacore/keda,268,125,61,63,1,64,51.20,20,1,1,18,126,230,1117,2,1853,822,785,78.4,69.6,17,38,51
keploy/keploy,299,156,112,44,0,44,28.21,32,0,0,32,50,127,783,2,1198,802,697,81.4,70.5,1,1,1
kevwan/tproxy,193,50,43,6,1,7,14.00,7,0,2,5,7,12,35,2,58,934,1197,82.0,74.0,8,21,21
kgateway-dev/kgateway,286,143,29,112,2,114,79.72,0,0,0,0,58,348,971,2,1937,852,819,82.5,72.0,281,820,1309
kiali/kiali,254,111,25,81,5,86,77.48,24,5,6,13,54,91,441,2,684,873,939,75.7,69.4,145,305,485
kkdai/youtube,191,48,39,8,1,9,18.75,8,1,1,6,10,23,49,2,85,903,1197,81.3,70.8,10,33,51
klauspost/compress,155,0,0,0,0,0,0.00,0,0,0,0,0,0,1,2,3,,,,,,,118
knadh/koanf,157,2,2,0,0,0,0.00,0,0,0,0,3,1,1,2,484,288,288,100.0,0.0,20,20,165
knadh/listmonk,237,94,7,84,3,87,92.55,23,0,3,20,37,25,60,2,169,744,699,72.3,59.6,1,1,1
knqyf263/pet,162,18,1,7,10,17,94.44,2,0,1,1,16,18,41,2,112,1063,1296,88.9,88.9,12,17,32
ko-build/ko,256,113,6,107,0,107,94.69,19,0,10,9,19,143,724,2,933,704,645,77.9,61.9,7,23,39
koderover/zadig,364,221,124,97,0,97,43.89,65,36,10,19,124,226,994,2,2087,810,699,86.0,74.7,15,42,42
komari-monitor/komari,240,97,16,79,2,81,83.51,31,3,10,18,16,41,104,2,179,785,804,72.2,63.9,1,1,1
kopia/kopia,237,94,84,8,2,10,10.64,0,0,0,0,64,73,428,2,580,760,754,73.4,66.0,15,52,89
krillinai/KrillinAI,155,12,0,12,0,12,100.00,0,0,0,0,13,61,122,2,768,1090,1311,91.7,91.7,26,30,30
kubeedge/kubeedge,163,20,12,0,8,8,40.00,0,0,0,0,73,182,631,2,1135,912,715,95.0,95.0,40,70,114
kubernetes-sigs/aws-load-balancer-controller,268,125,65,59,1,60,48.00,15,0,2,13,49,133,533,2,809,827,785,80.8,71.2,27,54,88
kubernetes-sigs/cluster-api,239,96,12,84,0,84,87.50,13,0,0,13,51,98,316,2,696,834,947,75.0,65.6,204,418,472
kubernetes-sigs/descheduler,235,92,9,83,0,83,90.22,21,2,1,18,27,103,353,2,785,826,916,75.0,67.4,1,1,1
kubernetes-sigs/external-dns,252,109,54,55,0,55,50.46,13,0,0,13,70,140,654,2,1697,901,960,78.9,70.6,28,65,126
kubernetes-sigs/kind,155,1,0,1,0,1,100.00,0,0,0,0,10,5,9,2,28,1413,1413,100.0,100.0,34,34,58
kubernetes-sigs/krew,194,51,4,46,1,47,92.16,10,0,3,7,12,19,66,2,129,990,1267,82.4,76.5,2,5,18
kubernetes-sigs/kubebuilder,189,46,5,40,1,41,89.13,6,0,6,0,14,25,240,2,290,945,1214,82.6,76.1,26,45,89
kubernetes-sigs/kwok,244,101,15,86,0,86,85.15,20,2,0,18,43,87,296,2,436,831,939,75.2,67.3,7,14,14
kubernetes-sigs/metrics-server,234,91,4,87,0,87,95.60,23,3,2,18,15,114,490,2,654,830,939,74.7,67.0,10,31,46
kubernetes/client-go,199,56,45,8,3,11,19.64,1,0,1,0,26,32,54,2,116,970,1214,82.1,76.8,408,890,1582
kubernetes/enhancements,232,89,3,86,0,86,96.63,58,7,26,25,14,47,197,2,2033,771,785,73.0,64.0,0,0,0
kubernetes/kompose,229,86,5,80,1,81,94.19,10,2,3,5,21,54,198,2,311,835,699,87.2,77.9,1,1,1
kubernetes/kops,156,13,12,0,1,1,7.69,0,0,0,0,90,156,660,2,1037,1056,1267,92.3,92.3,61,88,269
kubernetes/kube-state-metrics,237,94,6,88,0,88,93.62,21,2,1,18,25,217,791,2,1251,815,916,75.5,66.0,11,35,99
kubernetes/kubectl,200,57,10,46,1,47,82.46,3,3,0,0,40,51,128,2,224,977,1231,82.5,77.2,411,890,1326
kubernetes/kubernetes,291,148,97,8,43,51,34.46,0,0,0,0,110,100,327,2,616,771,646,83.1,75.0,156,448,1227
kubernetes/minikube,290,147,82,64,1,65,44.22,8,3,0,5,76,168,647,2,1215,809,699,81.6,72.1,11,38,154
kubernetes/node-problem-detector,238,95,7,88,0,88,92.63,23,2,1,20,22,85,569,2,1118,866,960,75.8,69.5,17,29,55
kubernetes/sample-controller,197,54,4,49,1,50,92.59,3,2,1,0,9,44,67,2,124,971,1214,83.3,77.8,407,890,1505
kubernetes/test-infra,155,12,1,11,0,11,91.67,0,0,0,0,35,132,667,2,1368,1090,1311,91.7,91.7,0,0,0
kubescape/kubescape,418,275,48,227,0,227,82.55,4,2,0,2,66,537,2630,2,4084,720,646,85.1,70.5,128,558,558
kubeshark/kubeshark,266,123,19,104,0,104,84.55,32,7,8,17,19,113,408,2,603,828,785,80.5,70.7,142,966,966
kubesphere/kubesphere,337,194,145,49,0,49,25.26,47,24,20,3,76,174,633,2,1319,792,678,84.5,74.2,11,42,51
kubevela/kubevela,333,190,70,119,1,120,63.16,44,24,19,1,94,207,1214,2,1768,820,700,84.2,74.7,46,177,208
kubevirt/kubevirt,167,24,12,0,12,12,50.00,0,0,0,0,81,86,675,2,3931,745,723,95.8,66.7,50,94,332
kumahq/kuma,155,12,2,10,0,10,83.33,0,0,0,0,92,191,997,2,1292,1090,1311,91.7,91.7,153,193,275
kyverno/kyverno,317,174,68,89,17,106,60.92,20,8,7,5,109,306,2082,2,2694,739,645,83.9,66.7,258,642,708
labstack/echo,156,13,10,0,3,3,23.08,0,0,0,0,3,4,10,2,19,1013,1267,92.3,84.6,20,28,137
larksuite/cli,196,53,50,2,1,3,5.66,12,8,1,3,22,35,75,2,165,1026,1325,83.0,77.4,38,44,44
lc/gau,194,51,2,48,1,49,96.08,16,2,3,11,8,18,23,2,67,969,1267,82.4,74.5,5,16,26
letsencrypt/boulder,233,90,86,4,0,4,4.44,0,0,0,0,42,43,284,2,589,755,785,73.3,64.4,114,288,456
libp2p/go-libp2p,241,98,47,48,3,51,52.04,22,1,1,20,57,39,192,2,311,813,874,77.6,63.3,47,115,291
lib/pq,155,0,0,0,0,0,0.00,0,0,0,0,0,0,1,2,3,,,,,,,32
lightningnetwork/lnd,271,128,43,83,2,85,66.41,28,4,10,14,64,126,657,2,993,756,646,77.3,68.8,97,245,355
lima-vm/lima,233,90,57,33,0,33,36.67,6,0,6,0,50,58,284,2,451,799,800,70.0,62.2,40,97,97
lindb/lindb,252,109,12,97,0,97,88.99,42,8,4,30,44,134,482,2,1202,868,939,78.0,70.6,6,13,13
link1st/go-stress-testing,194,51,47,3,1,4,7.84,8,2,1,5,6,2,166,2,182,911,1171,80.4,74.5,9,15,22
link1st/gowebsocket,233,90,12,78,0,78,86.67,22,1,8,13,7,37,224,2,353,846,950,74.4,67.8,3,7,10
linkedin/Burrow,223,80,1,79,0,79,98.75,21,0,1,20,16,55,86,2,195,792,853,72.5,62.5,1,1,1
linkerd/linkerd2,272,129,30,97,2,99,76.74,19,1,5,13,49,110,496,2,943,837,785,81.4,72.1,119,267,448
livekit/livekit,241,98,12,86,0,86,87.76,20,0,2,18,56,98,306,2,591,755,744,74.5,64.3,29,113,146
lonng/nano,193,49,0,46,3,49,100.00,24,4,6,14,0,18,47,2,199,928,1171,81.6,75.5,1,1,3
looplj/axonhub,263,120,53,67,0,67,55.83,21,2,1,18,67,143,699,2,1489,768,698,77.5,65.8,96,128,128
loov/lensm,167,13,0,13,0,13,100.00,4,1,1,2,5,5,30,2,42,909,1030,69.2,69.2,2,5,5
Loyalsoldier/geoip,170,27,9,17,1,18,66.67,0,0,0,0,11,11,176,2,201,1284,1382,92.6,92.6,3,3,3
lucaslorentz/caddy-docker-proxy,307,164,38,126,0,126,76.83,29,8,20,1,6,176,682,2,948,668,645,78.0,61.0,7,25,46
luraproject/lura,231,88,47,41,0,41,46.59,22,0,4,18,10,27,64,2,112,786,800,75.0,62.5,18,42,62
lxc/incus,223,80,80,0,0,0,0.00,0,0,0,0,73,107,361,2,1116,772,785,71.3,62.5,24,41,41
m3db/m3,205,62,54,8,0,8,12.90,25,0,0,25,82,97,421,2,2203,972,1214,83.9,77.4,3,13,101
magefile/mage,155,0,0,0,0,0,0.00,0,0,0,0,0,0,0,1,2,,,,,,,1
mailru/easyjson,155,0,0,0,0,0,0.00,0,0,0,0,1,0,0,1,3,,,,,,,1
majd/ipatool,190,47,39,8,0,8,17.02,8,0,1,7,13,42,108,2,177,871,1030,80.9,72.3,10,33,33
mark3labs/mcp-go,158,4,0,3,1,4,100.00,0,0,0,0,6,6,20,2,36,1576,1554,100.0,100.0,1,1,1
markbates/goth,192,49,9,29,11,40,81.63,14,0,0,14,11,19,19,2,100,694,695,71.4,61.2,6,22,74
masterking32/MasterDnsVPN,185,42,32,0,10,10,23.81,14,0,1,13,5,0,5,2,12,708,614,64.3,57.1,1,1,1
maxence-charriere/go-app,215,72,41,30,1,31,43.06,19,5,0,14,5,5,11,2,86,745,740,70.8,62.5,1,1,1
mayswind/ezbookkeeping,242,99,77,20,2,22,22.22,22,0,9,13,29,73,180,2,308,780,785,75.8,64.6,12,21,21
mcuadros/ofelia,189,35,31,4,0,4,11.43,3,2,1,0,15,28,48,2,97,598,645,91.4,77.1,1,1,1
Melkeydev/go-blueprint,160,6,0,6,0,6,100.00,1,0,1,0,5,17,21,2,48,1287,1413,83.3,83.3,65,78,78
metallb/metallb,155,12,1,10,1,11,91.67,0,0,0,0,25,117,367,2,602,1090,1311,91.7,91.7,1,1,1
mgechev/revive,160,16,0,6,10,16,100.00,0,0,0,0,10,4,16,2,32,1123,1340,87.5,87.5,22,38,45
mickael-kerjean/filestash,157,14,11,1,2,3,21.43,0,0,0,0,43,69,316,2,467,1029,1232,92.9,92.9,0,0,6
micro-editor/micro,163,9,6,3,0,3,33.33,1,0,1,0,18,9,23,2,54,1426,1413,88.9,88.9,1,1,1
microsoft/ethr,186,43,42,0,1,1,2.33,8,0,1,7,4,2,7,2,15,881,1197,79.1,72.1,0,0,5
microsoft/retina,308,165,63,102,0,102,61.82,20,2,5,13,80,584,2263,2,3163,759,646,84.8,73.3,40,62,62
microsoft/typescript-go,160,16,6,0,10,10,62.50,1,0,1,0,11,4,24,2,41,1123,1340,87.5,87.5,0,0,0
micro/go-micro,236,93,82,11,0,11,11.83,29,4,2,23,43,63,274,2,591,841,892,73.1,66.7,1,1,1
miekg/dns,158,15,11,0,4,4,26.67,0,0,0,0,4,1,8,2,15,1246,1396,93.3,93.3,20,30,88
MightyMoud/sidekick,220,77,59,8,10,18,23.38,16,9,7,0,16,78,221,2,391,721,645,77.9,71.4,8,13,13
mikefarah/yq,189,46,42,3,1,4,8.70,6,0,5,1,22,10,43,2,83,930,1214,80.4,73.9,47,127,207
milvus-io/milvus,157,14,11,1,2,3,21.43,0,0,0,0,70,224,888,2,2049,955,1232,92.9,78.6,136,183,217
mindoc-org/mindoc,238,95,6,89,0,89,93.68,37,0,0,37,15,37,122,2,251,806,892,72.6,65.3,2,6,39
miniflux/v2,238,95,80,12,3,15,15.79,0,0,0,0,13,22,67,2,167,745,702,72.6,62.1,34,71,102
mjl-/mox,221,78,76,2,0,2,2.56,27,8,2,17,16,12,64,2,134,788,853,70.5,62.8,7,15,15
mlabouardy/komiser,247,104,15,89,0,89,85.58,35,4,13,18,102,132,498,2,874,882,958,77.9,70.2,23,50,56
mmcgrana/gobyexample,155,0,0,0,0,0,0.00,0,0,0,0,5,16,11,2,41,,,,,,,0
mmulet/term.everything,155,0,0,0,0,0,0.00,0,0,0,0,0,0,1,2,3,,,,,,,8
moby/buildkit,271,128,98,24,6,30,23.44,20,9,5,6,112,115,1051,2,1419,689,637,77.3,60.2,119,255,308
moby/moby,276,133,81,50,2,52,39.10,0,0,0,0,112,180,1416,2,1921,723,645,77.4,60.9,124,233,572
moby/swarmkit,227,84,74,10,0,10,11.90,27,2,2,23,31,41,401,2,633,792,853,71.4,63.1,1,1,1
modelcontextprotocol/go-sdk,161,17,1,3,13,16,94.12,1,0,0,1,8,2,13,2,25,809,960,70.6,70.6,19,26,26
modelcontextprotocol/registry,244,101,11,89,1,90,89.11,13,0,0,13,21,57,415,2,498,738,696,72.3,64.4,23,34,34
moncho/dry,190,47,32,5,10,15,31.91,14,5,5,4,19,34,88,2,146,698,695,66.0,57.4,4,8,61
mongodb/mongo-go-driver,186,43,29,3,11,14,32.56,13,0,0,13,8,2,7,2,278,773,785,67.4,60.5,41,101,159
montanaflynn/stats,155,0,0,0,0,0,0.00,0,0,0,0,0,0,0,1,2,,,,,,,19
MontFerret/ferret,157,4,0,3,1,4,100.00,1,0,1,0,9,8,46,2,65,1064,1413,75.0,75.0,21,26,64
moonD4rk/HackBrowserData,161,17,7,0,10,10,58.82,1,0,1,0,15,22,33,2,84,1151,1372,88.2,88.2,4,10,36
mostlygeek/llama-swap,227,84,8,76,0,76,90.48,21,0,8,13,9,37,45,2,100,866,1020,73.8,66.7,108,162,162
moul/assh,264,121,6,115,0,115,95.04,23,2,3,18,25,61,93,2,193,770,646,80.2,69.4,4,11,76
mpolden/echoip,157,3,0,3,0,3,100.00,1,0,1,0,1,2,6,2,11,944,1413,66.7,66.7,0,0,0
mr-karan/doggo,231,88,54,34,0,34,38.64,19,1,0,18,16,25,172,2,215,778,784,75.0,60.2,1,1,1
Mrs4s/go-cqhttp,202,59,46,3,10,13,22.03,23,1,1,21,24,36,55,2,163,823,960,69.5,62.7,4,19,97
mudler/LocalAI,157,14,1,11,2,13,92.86,0,0,0,0,88,407,1611,2,2686,1006,1232,92.9,92.9,111,154,154
muesli/duf,160,6,3,3,0,3,50.00,1,0,1,0,10,6,15,2,33,1287,1413,83.3,83.3,3,5,14
muety/wakapi,250,107,39,68,0,68,63.55,20,0,1,19,47,61,177,2,340,726,695,72.9,62.6,25,87,136
mutagen-io/mutagen,196,53,50,0,3,3,5.66,7,0,2,5,23,5,64,2,96,901,1030,81.1,75.5,16,51,112
mvdan/gofumpt,155,11,1,0,10,10,90.91,0,0,0,0,6,3,14,2,26,1060,1267,90.9,90.9,1,1,1
mvdan/sh,157,13,3,0,10,10,76.92,1,0,1,0,8,5,18,2,34,1006,1267,84.6,84.6,7,9,62
nakabonne/ali,189,46,0,45,1,46,100.00,8,2,1,5,9,15,44,2,97,930,1214,80.4,73.9,1,1,1
nalgeon/redka,155,0,0,0,0,0,0.00,0,0,0,0,4,2,3,2,11,,,,,,,11
nats-io/nats-server,212,69,35,0,34,34,49.28,0,0,0,0,11,0,26,2,40,602,457,59.4,53.6,105,246,285
nats-io/nats.go,186,43,1,32,10,42,97.67,14,0,0,14,3,2,8,2,15,714,695,65.1,58.1,23,57,79
navidrome/navidrome,247,104,62,31,11,42,40.38,19,0,0,19,61,70,242,2,456,753,678,76.0,61.5,21,46,115
nektos/act,246,103,17,83,3,86,83.50,22,9,7,6,38,61,133,2,277,724,695,72.8,60.2,28,67,98
netbirdio/netbird,157,14,12,0,2,2,14.29,0,0,0,0,124,196,809,2,1262,996,1232,92.9,85.7,209,291,333
netlify/gotrue,249,106,45,60,1,61,57.55,22,1,8,13,23,95,455,2,1482,811,805,74.5,65.1,0,1,2
nextdns/nextdns,186,43,42,0,1,1,2.33,7,0,1,6,7,1,13,2,23,881,1197,79.1,72.1,18,66,176
nextlevelbuilder/goclaw,244,101,87,14,0,14,13.86,31,15,11,5,51,155,971,2,1193,764,785,70.3,62.4,1,1,1
nezhahq/nezha,240,97,84,13,0,13,13.40,0,0,0,0,39,71,345,2,489,823,856,76.3,64.9,1,1,1
nginx-proxy/docker-gen,188,45,1,34,10,44,97.78,14,0,1,13,5,32,65,2,105,727,695,66.7,57.8,1,1,1
nginx/kubernetes-ingress,240,97,37,60,0,60,61.86,0,0,0,0,28,183,781,2,1044,803,804,75.3,67.0,27,63,112
nicksnyder/go-i18n,158,3,3,0,0,0,0.00,0,0,0,0,3,0,5,2,10,1630,1695,100.0,100.0,12,12,42
nicocha30/ligolo-ng,230,87,81,6,0,6,6.90,23,2,8,13,21,54,259,2,367,798,814,72.4,64.4,1,1,1
nikoksr/notify,155,12,0,12,0,12,100.00,0,0,0,0,36,103,521,2,797,1090,1311,91.7,91.7,18,28,65
nikolaydubina/go-recipes,155,0,0,0,0,0,0.00,0,0,0,0,0,2,3,2,7,,,,,,,6
nkanaev/yarr,189,46,42,3,1,4,8.70,10,7,1,2,4,2,7,2,16,930,1214,80.4,73.9,2,7,12
NoFxAiOS/nofx,261,118,54,64,0,64,54.24,37,5,14,18,15,107,353,2,528,789,767,79.7,65.3,0,0,0
nsf/termbox-go,155,1,1,0,0,0,0.00,0,0,0,0,2,1,1,2,6,1413,1413,100.0,100.0,0,0,3
nuclio/nuclio,250,107,62,44,1,45,42.06,22,0,0,22,69,148,579,2,1070,809,856,76.6,64.5,82,209,374
nutsdb/nutsdb,158,4,0,4,0,4,100.00,1,0,1,0,9,6,9,2,26,1052,1394,75.0,75.0,1,1,1
NVIDIA/k8s-device-plugin,200,57,6,50,1,51,89.47,8,0,0,8,26,46,321,2,397,952,1197,84.2,75.4,23,45,75
nxtrace/NTrace-core,240,97,53,44,0,44,45.36,13,0,0,13,20,48,110,2,196,807,814,74.2,62.9,37,110,110
nytimes/gizmo,227,84,49,0,35,35,41.67,57,5,10,42,27,4,134,2,407,806,853,73.8,65.5,0,0,54
oapi-codegen/oapi-codegen,160,16,5,0,11,11,68.75,0,0,0,0,8,17,45,2,168,1147,1340,93.8,93.8,20,38,86
oauth2-proxy/oauth2-proxy,245,102,85,13,4,17,16.67,20,1,6,13,36,42,230,2,349,734,692,75.5,64.7,13,25,49
OffchainLabs/prysm,252,109,64,45,0,45,41.28,22,0,0,22,101,167,800,2,1893,814,785,78.9,66.1,79,169,258
offen/docker-volume-backup,237,94,34,60,0,60,63.83,19,6,4,9,26,74,254,2,778,758,741,74.5,63.8,34,120,125
OJ/gobuster,214,71,0,71,0,71,100.00,21,0,1,20,7,13,31,2,56,748,785,69.0,60.6,4,9,24
okteto/okteto,278,135,57,78,0,78,57.78,23,12,11,0,72,201,881,2,1394,810,785,78.5,66.7,192,443,571
olekukonko/tablewriter,157,3,0,3,0,3,100.00,1,0,1,0,7,5,7,2,21,944,1413,66.7,66.7,10,15,20
oliver006/redis_exporter,189,46,31,5,10,15,32.61,0,0,0,0,6,10,46,2,69,724,740,67.4,58.7,25,77,181
ollama/ollama,248,105,49,43,13,56,53.33,27,0,0,27,39,56,125,2,404,783,702,75.2,66.7,358,560,560
olric-data/olric,165,22,6,15,1,16,72.73,0,0,0,0,17,19,97,2,253,1203,1372,95.5,95.5,22,53,78
ondrajz/go-callvis,157,14,0,3,11,14,100.00,1,0,1,0,3,7,15,2,28,1036,1311,85.7,85.7,1,2,15
onsi/ginkgo,187,44,1,42,1,43,97.73,6,0,5,1,10,18,50,2,84,940,1214,81.8,75.0,45,83,114
open-policy-agent/conftest,255,112,20,92,0,92,82.14,22,3,6,13,34,129,634,2,869,783,795,76.8,66.1,26,63,98
open-policy-agent/gatekeeper,247,104,20,84,0,84,80.77,22,0,0,22,46,103,567,2,797,833,916,76.9,69.2,46,102,141
open-policy-agent/opa,238,95,16,73,6,79,83.16,19,0,0,19,54,61,161,2,336,773,785,73.7,63.2,45,112,215
open-telemetry/opentelemetry-collector,162,18,5,3,10,13,72.22,1,0,1,0,6,7,44,2,63,931,1066,83.3,83.3,4478,5894,6151
open-telemetry/opentelemetry-ebpf-profiler,194,51,8,42,1,43,84.31,0,0,0,0,36,54,120,2,233,911,1171,80.4,74.5,12,16,16
open-telemetry/opentelemetry-go,155,0,0,0,0,0,0.00,0,0,0,0,8,4,13,2,27,,,,,,,26
openai/openai-go,191,48,4,44,0,44,91.67,11,2,0,9,4,12,33,2,51,997,1267,83.3,77.1,1,1,1
openbao/openbao,288,145,104,27,14,41,28.28,21,0,0,21,130,213,810,2,1421,750,695,78.6,61.4,82,177,189
openclaw/gogcli,229,86,45,41,0,41,47.67,20,6,1,13,13,38,257,2,312,782,852,73.3,65.1,20,28,28
opencloud-eu/opencloud,205,62,55,6,1,7,11.29,0,0,0,0,114,279,1179,2,2266,888,995,83.9,69.4,43,59,59
opencontainers/image-spec,155,0,0,0,0,0,0.00,0,0,0,0,1,0,0,1,3,,,,,,,25
opencost/opencost,256,113,22,91,0,91,80.53,23,2,6,15,55,165,586,2,904,814,785,76.1,68.1,288,555,558
openfga/openfga,237,94,18,55,21,76,80.85,7,0,2,5,53,91,363,2,605,804,701,86.2,75.5,60,113,113
openimsdk/open-im-server,254,111,21,90,0,90,81.08,1,1,0,0,38,176,536,2,882,872,960,76.6,71.2,68,142,142
openkruise/kruise,287,144,60,83,1,84,58.33,31,0,0,31,38,101,437,2,651,791,646,83.3,75.7,18,40,54
OpenListTeam/OpenList,281,138,114,22,2,24,17.39,36,21,7,8,95,197,744,2,1104,776,784,77.5,64.5,1,1,1
openshift/origin,158,15,11,1,3,4,26.67,0,0,0,0,126,296,1191,2,2158,1001,1197,93.3,93.3,0,0,72
opentofu/opentofu,265,122,99,19,4,23,18.85,2,2,0,0,104,185,754,2,1362,774,720,77.9,64.8,54,90,90
openziti/ziti,246,103,96,7,0,7,6.80,19,6,0,13,103,95,521,2,1365,814,804,76.7,64.1,89,202,294
openziti/zrok,232,89,82,7,0,7,7.87,23,0,0,23,61,212,824,2,1829,756,785,73.0,62.9,68,142,142
ory/dockertest,159,5,0,5,0,5,100.00,1,0,1,0,5,16,45,2,68,987,1149,80.0,80.0,1,1,1
ory/hydra,264,121,96,24,1,25,20.66,21,5,3,13,61,172,506,2,836,803,805,76.9,65.3,10,35,235
ory/keto,255,112,18,93,1,94,83.93,21,0,8,13,41,241,625,2,988,822,853,75.9,65.2,9,30,74
ory/kratos,273,130,98,30,2,32,24.62,21,0,8,13,83,211,526,2,1244,819,805,77.7,68.5,9,36,81
ory/oathkeeper,271,128,60,62,6,68,53.13,23,2,1,20,56,163,778,2,1529,817,804,77.3,68.8,9,31,118
osrg/gobgp,199,56,14,40,2,42,75.00,8,0,3,5,29,25,148,2,207,890,1101,80.4,71.4,24,56,117
ossf/scorecard,312,169,20,149,0,149,88.17,26,12,12,2,45,251,1324,2,2276,774,695,81.7,71.0,13,45,49
otiai10/gosseract,155,0,0,0,0,0,0.00,0,0,0,0,1,0,1,2,4,,,,,,,11
ovh/cds,347,204,163,41,0,41,20.10,39,20,11,8,120,210,1040,2,1846,768,668,83.8,74.0,7,15,84
owasp-amass/amass,233,90,45,45,0,45,50.00,21,6,2,13,38,81,397,2,2329,820,853,72.2,64.4,1,1,1
owncast/owncast,232,89,76,9,4,13,14.61,8,6,2,0,39,43,231,2,385,797,785,75.3,65.2,8,20,26
OwO-Network/DeepLX,238,95,9,86,0,86,90.53,0,0,0,0,5,34,111,2,161,812,814,76.8,65.3,26,47,47
panjf2000/ants,155,0,0,0,0,0,0.00,0,0,0,0,2,3,2,2,9,,,,,,,52
panjf2000/gnet,157,3,3,0,0,0,0.00,1,0,1,0,7,4,9,2,22,944,1413,66.7,66.7,38,57,123
parnurzeal/gorequest,184,41,39,0,2,2,4.88,13,0,0,13,4,0,7,2,44,889,1197,80.5,73.2,1,1,20
passteque/gluetun,227,84,45,39,0,39,46.43,14,1,0,13,30,30,138,2,249,827,926,73.8,64.3,15,45,78
pdfcpu/pdfcpu,196,53,42,0,11,11,20.75,13,0,0,13,10,3,14,2,30,801,892,67.9,62.3,10,20,72
peco/peco,160,6,0,6,0,6,100.00,1,0,1,0,7,10,12,2,61,1287,1413,83.3,83.3,2,4,58
perkeep/perkeep,239,96,87,9,0,9,9.38,33,9,15,9,40,83,755,2,1198,773,744,72.9,65.6,1,1,12
Permify/permify,247,104,25,79,0,79,75.96,21,5,12,4,67,329,918,2,1551,743,720,74.0,64.4,76,151,151
perplexityai/bumblebee,155,0,0,0,0,0,0.00,0,0,0,0,0,0,1,2,3,,,,,,,1
pgrok/pgrok,201,58,47,11,0,11,18.97,14,7,3,4,20,49,125,2,198,749,762,70.7,65.5,1,1,1
ph4ntonn/Stowaway,188,45,32,3,10,13,28.89,28,9,9,10,8,8,8,2,35,770,785,66.7,60.0,1,3,12
phachon/mm-wiki,192,49,4,0,45,45,91.84,34,5,2,27,9,12,52,2,81,835,960,69.4,63.3,0,0,12
photoprism/photoprism,255,112,100,12,0,12,10.71,0,0,0,0,68,95,330,2,789,806,809,74.1,64.3,22,69,81
php/frankenphp,168,25,11,11,3,14,56.00,0,0,0,0,7,51,101,2,161,873,1085,88.0,76.0,70,102,102
pinchtab/pinchtab,197,54,40,6,8,14,25.93,7,5,1,1,11,20,68,2,108,826,995,70.4,64.8,1,1,1
pingcap/tidb,156,13,11,1,1,2,15.38,0,0,0,0,165,187,1114,2,1951,1048,1267,92.3,92.3,316,435,649
pion/webrtc,216,73,41,32,0,32,43.84,22,0,1,21,17,11,34,2,132,734,695,69.9,58.9,80,219,335
playwright-community/playwright-go,159,6,4,0,2,2,33.33,1,0,0,1,8,8,13,2,73,835,862,83.3,83.3,1,1,1
pocketbase/pocketbase,227,84,77,6,1,7,8.33,0,0,0,0,20,20,69,2,124,758,744,70.2,63.1,130,265,265
pomerium/pomerium,163,20,12,0,8,8,40.00,0,0,0,0,140,212,989,2,1820,960,873,95.0,95.0,43,67,151
pressly/goose,235,92,6,86,0,86,93.48,20,0,2,18,19,61,212,2,416,752,785,71.7,64.1,18,50,70
prest/prest,203,60,7,42,11,53,88.33,15,0,2,13,18,33,62,2,152,825,874,75.0,65.0,16,37,61
probelabs/goreplay,234,91,50,41,0,41,45.05,33,2,2,29,12,59,120,2,354,895,1030,75.8,69.2,1,10,51
Project-HAMi/HAMi,204,61,50,10,1,11,18.03,0,0,0,0,34,56,276,2,369,996,1267,85.2,77.0,19,51,51
projectcalico/calico,234,91,58,32,1,33,36.26,19,0,0,19,120,259,1198,2,1967,844,939,74.7,67.0,69,371,2222
projectdiscovery/httpx,239,96,48,48,0,48,50.00,13,0,0,13,50,125,517,2,999,839,926,76.0,62.5,22,51,65
projectdiscovery/interactsh,237,94,4,88,2,90,95.74,21,2,6,13,28,112,309,2,768,846,926,75.5,64.9,1,1,1
projectdiscovery/katana,242,99,43,56,0,56,56.57,22,6,3,13,35,155,427,2,942,857,960,74.7,64.6,12,21,21
projectdiscovery/naabu,235,92,45,47,0,47,51.09,21,2,6,13,31,97,297,2,727,849,960,75.0,64.1,14,30,42
projectdiscovery/nuclei,314,171,70,97,4,101,59.06,21,15,6,0,130,293,946,2,1893,808,675,82.5,71.9,46,120,143
projectdiscovery/proxify,245,102,44,58,0,58,56.86,40,12,10,18,20,119,249,2,542,860,960,77.5,64.7,5,12,15
projectdiscovery/subfinder,235,92,1,91,0,91,98.91,21,2,6,13,16,107,258,2,685,849,960,75.0,64.1,15,31,61
prometheus-community/postgres_exporter,227,84,6,78,0,78,92.86,21,0,3,18,12,28,76,2,130,834,960,73.8,66.7,9,19,43
prometheus-community/windows_exporter,224,81,5,76,0,76,93.83,0,0,0,0,11,25,63,2,109,802,892,72.8,65.4,38,70,122
prometheus-operator/prometheus-operator,246,103,52,51,0,51,49.51,13,0,0,13,41,114,635,2,889,846,955,75.7,67.0,121,270,363
prometheus/alertmanager,158,15,12,2,1,3,20.00,0,0,0,0,51,70,208,2,1132,1048,1197,93.3,93.3,18,23,90
prometheus/blackbox_exporter,237,94,55,39,0,39,41.49,13,0,0,13,15,28,112,2,166,815,835,75.5,66.0,4,13,34
prometheus/client_golang,160,17,5,10,2,12,70.59,1,0,1,0,12,12,37,2,67,1053,1267,88.2,88.2,19,25,61
prometheus/node_exporter,223,80,5,75,0,75,93.75,0,0,0,0,26,28,88,2,153,795,853,72.5,65.0,9,22,60
prometheus/prometheus,257,114,29,85,0,85,74.56,2,0,0,2,107,139,175,2,1413,898,958,78.1,70.2,168,337,530
prometheus/pushgateway,223,80,4,76,0,76,95.00,0,0,0,0,9,25,274,2,319,795,853,72.5,65.0,7,16,40
protocolbuffers/protobuf-go,157,2,0,0,2,2,100.00,0,0,0,0,2,0,4,2,9,993,993,100.0,100.0,20,22,37
psviderski/uncloud,155,12,12,0,0,0,0.00,0,0,0,0,53,298,1058,2,1686,1090,1311,91.7,91.7,1,1,1
pterm/pterm,160,6,3,3,0,3,50.00,1,0,1,0,9,9,33,2,87,1287,1413,83.3,83.3,40,70,111
PuerkitoBio/goquery,184,41,39,0,2,2,4.88,0,0,0,0,2,0,6,2,74,889,1197,80.5,73.2,7,14,33
pulumi/kubespy,245,102,4,98,0,98,96.08,23,11,7,5,7,162,556,2,809,798,835,75.5,65.7,1,3,8
putyy/res-downloader,190,47,43,4,0,4,8.51,12,0,3,9,7,24,108,2,149,932,1197,80.9,74.5,17,25,25
qax-os/excelize,215,72,71,0,1,1,1.39,19,0,5,14,9,4,11,2,26,786,839,70.8,62.5,5,13,26
qdm12/ddns-updater,193,50,46,3,1,4,8.00,7,0,1,6,14,16,83,2,115,916,1197,82.0,72.0,1,1,1
qjfoidnh/BaiduPCS-Go,225,82,76,6,0,6,7.32,52,0,2,50,18,16,58,2,224,848,985,73.2,65.9,1,1,1
qor/qor,186,43,2,39,2,41,95.35,7,0,5,2,11,21,39,2,94,923,1197,81.4,74.4,0,2,6
quackduck/devzat,235,92,42,50,0,50,54.35,31,11,12,8,20,35,97,2,191,826,950,71.7,65.2,1,1,1
QuantumNous/new-api,251,108,94,9,5,14,12.96,23,1,8,14,56,75,229,2,411,801,795,73.1,63.9,406,662,662
quay/clair,242,99,58,41,0,41,41.41,13,0,0,13,41,57,199,2,362,735,785,70.7,62.6,11,62,137
quic-go/quic-go,224,81,71,3,7,10,12.35,13,0,0,13,8,10,24,2,99,764,785,72.8,61.7,33,82,130
quii/learn-go-with-tests,158,3,3,0,0,0,0.00,1,1,0,0,3,0,1,2,6,1127,979,100.0,100.0,12,26,70
rakyll/hey,187,44,39,3,2,5,11.36,7,2,0,5,1,1,8,2,12,940,1214,81.8,75.0,1,1,6
rakyll/statik,155,0,0,0,0,0,0.00,0,0,0,0,0,0,0,1,2,,,,,,,1
rancher/rancher,409,266,192,37,37,74,27.82,31,18,10,3,121,233,1096,2,1563,748,646,88.7,79.3,558,1059,2462
rancher/rke,319,176,120,55,1,56,31.82,45,18,20,7,34,109,416,2,1460,781,646,85.2,78.4,2,2,2
rclone/rclone,266,123,84,36,3,39,31.71,0,0,0,0,109,165,641,2,1324,787,702,76.4,64.2,26,53,137
rcourtman/Pulse,241,98,43,55,0,55,56.12,22,3,10,9,29,79,186,2,337,882,985,75.5,69.4,311,438,438
redis/go-redis,158,4,0,1,3,4,100.00,0,0,0,0,5,2,6,2,15,674,428,100.0,100.0,6,6,6
replicate/cog,275,132,74,58,0,58,43.94,22,0,0,22,39,106,502,2,677,704,646,78.8,69.7,100,242,245
restic/restic,232,89,76,13,0,13,14.61,19,1,9,9,34,59,408,2,580,758,785,73.0,65.2,8,19,51
reviewdog/reviewdog,235,92,6,86,0,86,93.48,21,1,12,8,26,46,493,2,1091,802,800,75.0,68.5,9,22,44
rfjakob/gocryptfs,188,45,35,0,10,10,22.22,14,0,0,14,11,0,16,2,34,770,785,66.7,60.0,7,21,69
rh12503/triangula,155,0,0,0,0,0,0.00,0,0,0,0,4,3,8,2,82,,,,,,,12
rhysd/actionlint,186,43,42,0,1,1,2.33,8,5,1,2,12,2,9,2,25,881,1197,79.1,72.1,16,57,57
riverqueue/river,167,12,8,4,0,4,33.33,0,0,0,0,12,9,24,2,119,1197,1374,83.3,83.3,431,530,530
rivo/tview,160,6,0,6,0,6,100.00,1,0,1,0,3,5,6,2,72,1287,1413,83.3,83.3,1,1,1
roadrunner-server/roadrunner,266,123,0,123,0,123,100.00,19,1,0,18,49,158,732,2,1187,754,700,79.7,65.0,44,178,291
rocboss/paopao-ce,250,107,44,63,0,63,58.88,35,10,10,15,62,109,472,2,698,769,785,73.8,63.6,27,69,69
rook/rook,242,99,7,92,0,92,92.93,13,0,0,13,45,122,504,2,2343,867,960,75.8,68.7,85,191,283
rorkai/App-Store-Connect-CLI,192,49,37,12,0,12,24.49,14,0,1,13,20,40,147,2,237,766,785,69.4,61.2,113,160,160
rosedblabs/rosedb,155,1,0,1,0,1,100.00,0,0,0,0,7,6,5,2,22,1413,1413,100.0,100.0,16,16,19
router-for-me/CLIProxyAPI,245,102,86,16,0,16,15.69,24,10,14,0,27,66,129,2,234,805,810,76.5,65.7,1,1,1
rqlite/rqlite,155,12,10,2,0,2,16.67,0,0,0,0,18,53,243,2,466,1090,1311,91.7,91.7,196,244,341
rs/curlie,157,3,3,0,0,0,0.00,1,0,1,0,2,0,1,2,5,944,1413,66.7,66.7,4,6,35
rs/xid,155,0,0,0,0,0,0.00,0,0,0,0,0,0,0,1,2,,,,,,,9
rs/zerolog,157,3,0,3,0,3,100.00,1,0,1,0,4,2,4,2,12,944,1413,66.7,66.7,1,1,1
rudderlabs/rudder-server,263,120,23,96,1,97,80.83,0,0,0,0,105,258,1446,2,2786,800,762,79.2,67.5,241,445,458
runatlantis/atlantis,246,103,14,86,3,89,86.41,0,0,0,0,52,85,222,2,805,803,785,77.7,66.0,35,96,158
runfinch/finch,272,129,71,58,0,58,44.96,8,2,6,0,38,134,574,2,888,732,646,79.1,69.8,28,53,53
s0md3v/Smap,187,44,0,42,2,44,100.00,6,0,1,5,1,2,10,2,15,940,1214,81.8,75.0,1,1,1
sa7mon/S3Scanner,235,92,2,90,0,90,97.83,27,7,3,17,16,49,88,2,217,711,581,73.9,58.7,3,10,14
safing/portmaster,155,12,11,1,0,1,8.33,0,0,0,0,69,94,330,2,650,1090,1311,91.7,91.7,72,101,198
SagerNet/sing-box,234,91,82,9,0,9,9.89,23,9,8,6,62,102,357,2,533,852,960,74.7,65.9,1,1,1
samber/lo,158,3,3,0,0,0,0.00,0,0,0,0,4,6,11,2,27,1630,1695,100.0,100.0,50,64,64
samber/mo,156,2,0,1,1,2,100.00,0,0,0,0,2,6,13,2,27,1394,1394,100.0,100.0,20,20,21
sammwyy/MikuMikuBeam,221,78,2,76,0,76,97.44,32,3,1,28,8,23,30,2,70,814,926,71.8,64.1,0,0,0
schachmat/wego,157,3,0,3,0,3,100.00,1,0,1,0,5,3,1,2,11,944,1413,66.7,66.7,2,3,6
schollz/croc,215,72,71,1,0,1,1.39,19,0,0,19,19,10,24,2,123,739,740,69.4,59.7,28,72,188
schollz/progressbar,157,3,0,3,0,3,100.00,1,0,1,0,6,6,5,2,19,944,1413,66.7,66.7,16,24,96
screego/server,195,52,36,6,10,16,30.77,14,0,1,13,16,25,55,2,106,820,853,71.2,63.5,1,1,1
seaweedfs/seaweedfs,266,123,102,20,1,21,17.07,8,0,0,8,121,381,1614,2,3529,778,771,75.6,66.7,65,184,342
securego/gosec,233,90,32,58,0,58,64.44,0,0,0,0,18,42,258,2,916,859,960,73.3,66.7,26,52,65
segmentio/kafka-go,155,12,10,0,2,2,16.67,0,0,0,0,5,6,10,2,50,1090,1311,91.7,91.7,1,1,1
semaphoreui/semaphore,236,93,45,48,0,48,51.61,21,10,4,7,29,43,127,2,218,716,533,72.0,60.2,231,489,517
sensepost/gowitness,199,56,3,52,1,53,94.64,7,0,6,1,20,74,184,2,308,874,995,80.4,69.6,7,15,43
shadow1ng/fscan,226,83,82,1,0,1,1.20,32,7,8,17,32,40,176,2,329,841,960,73.5,65.1,1,1,1
shazow/ssh-chat,188,45,35,0,10,10,22.22,19,10,3,6,8,0,5,2,44,770,785,66.7,60.0,0,2,20
shirou/gopsutil,157,3,3,0,0,0,0.00,1,0,1,0,8,5,8,2,24,944,1413,66.7,66.7,32,48,121
Shopify/toxiproxy,160,16,1,5,10,15,93.75,1,0,1,0,6,16,41,2,65,1030,1232,87.5,87.5,6,8,33
shopspring/decimal,155,0,0,0,0,0,0.00,0,0,0,0,0,0,0,1,2,,,,,,,7
shyiko/jabba,158,4,3,1,0,1,25.00,3,3,0,0,9,12,7,2,33,1630,1642,100.0,100.0,0,0,25
siderolabs/talos,244,101,62,39,0,39,38.61,0,0,0,0,168,223,1392,2,4094,796,785,76.2,66.3,191,464,602
sigstore/cosign,277,134,59,73,2,75,55.97,21,3,7,11,61,236,1299,2,1760,733,646,81.3,64.2,24,75,77
silenceper/wechat,190,47,34,0,13,13,27.66,21,0,2,19,10,0,28,2,118,775,785,68.1,59.6,12,37,57
simeji/jid,155,1,0,1,0,1,100.00,0,0,0,0,9,11,7,2,38,1413,1413,100.0,100.0,1,1,1
simulot/immich-go,198,55,1,44,10,54,98.18,17,8,7,2,19,24,58,2,143,740,702,67.3,58.2,66,131,131
sipeed/picoclaw,155,12,12,0,0,0,0.00,0,0,0,0,53,76,227,2,483,1090,1311,91.7,91.7,1,1,1
sirupsen/logrus,159,5,3,1,1,2,40.00,1,0,1,0,2,3,3,2,10,874,1375,80.0,60.0,4,7,62
six-ddc/plow,191,48,1,46,1,47,97.92,8,1,0,7,9,12,25,2,59,997,1267,83.3,77.1,4,12,12
six2dez/OneListForAll,155,0,0,0,0,0,0.00,0,0,0,0,0,0,1,2,3,,,,,,,11
slack-go/slack,156,1,1,0,0,0,0.00,0,0,0,0,3,3,3,2,12,1870,1870,100.0,100.0,49,49,70
slackhq/nebula,225,82,80,0,2,2,2.44,19,8,1,10,33,14,147,2,332,820,926,73.2,63.4,11,23,27
smallnest/rpcx,202,59,48,11,0,11,18.64,8,0,3,5,35,37,132,2,450,990,1197,84.7,79.7,32,67,77
smallstep/certificates,257,114,87,24,3,27,23.68,2,0,0,2,42,126,794,2,1063,719,695,74.6,62.3,39,135,245
smallstep/cli,253,110,47,63,0,63,57.27,0,0,0,0,30,107,845,2,1072,707,692,73.6,60.9,61,206,352
smartcontractkit/chainlink,333,190,82,108,0,108,56.84,24,0,0,24,146,273,2032,2,3183,814,742,84.2,72.1,505,881,949
smtg-ai/claude-squad,160,17,3,14,0,14,82.35,1,0,1,0,14,34,80,2,149,1141,1354,88.2,88.2,1,1,1
sony/gobreaker,155,0,0,0,0,0,0.00,0,0,0,0,1,0,3,2,6,,,,,,,13
sony/sonyflake,155,0,0,0,0,0,0.00,0,0,0,0,0,0,0,1,2,,,,,,,1
sosedoff/pgweb,231,88,34,54,0,54,61.36,21,5,7,9,14,44,105,2,184,799,835,75.0,63.6,7,18,56
soundcloud/roshi,158,4,1,1,2,3,75.00,2,0,0,2,5,7,16,2,73,1203,1292,100.0,100.0,0,0,2
sourcegraph/conc,155,0,0,0,0,0,0.00,0,0,0,0,1,6,5,2,26,,,,,,,3
SpecterOps/BloodHound,242,99,48,51,0,51,51.52,21,1,1,19,42,284,565,2,3485,798,804,73.7,65.7,179,294,294
spegel-org/spegel,253,110,10,100,0,100,90.91,21,1,2,18,24,162,713,2,1473,763,784,79.1,62.7,20,40,40
spf13/afero,158,3,3,0,0,0,0.00,0,0,0,0,1,0,4,2,7,1630,1695,100.0,100.0,18,21,41
spf13/cast,155,0,0,0,0,0,0.00,0,0,0,0,1,4,3,2,10,,,,,,,17
spf13/cobra,155,0,0,0,0,0,0.00,0,0,0,0,4,0,2,2,8,,,,,,,29
spf13/viper,162,8,2,6,0,6,75.00,1,0,1,0,10,7,15,2,34,1037,1369,87.5,62.5,19,34,53
sqlc-dev/sqlc,200,57,10,46,1,47,82.46,7,0,2,5,24,20,93,2,144,869,960,78.9,71.9,12,29,40
sqldef/sqldef,191,48,0,38,10,48,100.00,14,0,1,13,12,25,73,2,117,765,800,68.8,60.4,130,318,394
stackrox/kube-linter,267,124,20,104,0,104,83.87,21,2,1,18,25,133,629,2,836,817,762,81.5,70.2,20,46,58
stakater/Reloader,202,59,8,50,1,51,86.44,0,0,0,0,13,60,349,2,453,985,1231,84.7,78.0,2,2,2
stefanprodan/podinfo,208,65,54,9,2,11,16.92,6,0,1,5,32,45,145,2,248,888,960,84.6,73.8,1,1,1
stern/stern,198,55,5,49,1,50,90.91,7,1,1,5,16,57,128,2,230,978,1231,83.6,78.2,10,22,27
storj/storj,199,56,47,9,0,9,16.07,14,0,0,14,93,132,749,2,1176,717,537,71.4,60.7,285,670,1007
stretchr/testify,156,1,1,0,0,0,0.00,0,0,0,0,2,0,1,2,5,1375,1375,100.0,100.0,9,9,31
sundowndev/phoneinfoga,232,89,5,84,0,84,94.38,41,6,15,20,12,55,96,2,871,830,939,74.2,65.2,7,23,58
superfly/litefs,160,17,14,2,1,3,17.65,2,0,0,2,13,29,92,2,594,1053,1267,88.2,88.2,1,1,1
superstreamlabs/memphis,278,135,82,53,0,53,39.26,49,14,13,22,40,86,275,2,634,827,699,80.0,73.3,9,29,29
SurgeDM/Surge,157,3,0,3,0,3,100.00,1,0,1,0,17,38,72,2,137,944,1413,66.7,66.7,36,54,54
swaggo/gin-swagger,226,83,42,41,0,41,49.40,21,0,7,14,6,36,57,2,163,860,1009,73.5,66.3,3,13,17
swaggo/swag,161,17,3,3,11,14,82.35,0,0,0,0,8,18,23,2,51,1274,1368,94.1,94.1,20,35,58
syncthing/syncthing,229,86,84,1,1,2,2.33,13,0,0,13,46,50,142,2,338,782,800,74.4,64.0,96,222,676
tailscale/tailscale,306,163,103,57,3,60,36.81,6,0,2,4,156,346,1342,2,2306,808,738,81.0,69.9,89,190,226
tair-opensource/RedisShake,161,18,0,7,11,18,100.00,1,0,1,0,10,24,97,2,144,1154,1365,88.9,88.9,26,47,91
talkgo/night,155,0,0,0,0,0,0.00,0,0,0,0,1,3,1,2,11,,,,,,,0
TangSengDaoDao/TangSengDaoDaoServer,270,127,63,64,0,64,50.39,55,16,14,25,39,120,512,2,1213,864,939,79.5,70.9,3,6,6
taubyte/tau,321,178,143,35,0,35,19.66,46,32,7,7,95,234,1070,2,1688,750,668,82.0,69.7,10,23,23
tbphp/gpt-load,232,89,43,46,0,46,51.69,21,0,8,13,20,40,121,2,192,780,785,73.0,64.0,1,1,1
tdewolff/minify,158,4,0,4,0,4,100.00,1,0,1,0,5,4,8,2,20,1052,1394,75.0,75.0,62,83,159
TecharoHQ/anubis,203,60,53,6,1,7,11.67,9,5,4,0,31,163,409,2,657,865,960,81.7,75.0,30,41,41
teivah/100-go-mistakes,155,0,0,0,0,0,0.00,0,0,0,0,1,0,0,1,3,,,,,,,0
tektoncd/pipeline,254,111,51,57,3,60,54.05,6,1,0,5,47,152,695,2,2039,747,702,73.0,64.9,73,184,238
temporalio/temporal,254,111,23,83,5,88,79.28,20,1,1,18,76,140,633,2,969,780,738,76.6,65.8,211,393,502
TencentBlueKing/bk-cmdb,155,12,0,12,0,12,100.00,0,0,0,0,61,88,253,2,1012,1090,1311,91.7,91.7,141,182,361
tendermint/tendermint,236,93,81,9,3,12,12.90,45,4,7,34,43,215,625,2,1773,852,960,75.3,67.7,7,39,244
terraform-docs/terraform-docs,227,84,1,83,0,83,98.81,21,0,3,18,18,42,130,2,202,780,800,72.6,63.1,1,1,1
terraform-linters/tflint,253,110,76,34,0,34,30.91,19,2,8,9,33,134,899,2,1093,721,646,78.2,61.8,20,64,139
terramate-io/terramate,271,128,22,106,0,106,82.81,22,2,9,11,48,199,1275,2,2077,752,698,77.3,65.6,100,232,232
terrastruct/d2,203,60,49,10,1,11,18.33,16,8,1,7,26,20,73,2,187,902,1030,78.3,73.3,17,34,34
testcontainers/testcontainers-go,189,46,32,4,10,14,30.43,13,5,4,4,16,35,70,2,125,726,740,67.4,58.7,591,1137,1164
thanos-io/thanos,251,108,87,21,0,21,19.44,24,5,1,18,103,199,956,2,5703,872,955,77.8,68.5,31,79,137
the-open-agent/openagent,285,142,108,34,0,34,23.94,43,22,18,3,66,160,617,2,1412,817,800,80.3,68.3,1,1,1
TheAlgorithms/Go,155,0,0,0,0,0,0.00,0,0,0,0,0,0,0,1,2,,,,,,,3
thomiceli/opengist,239,96,39,57,0,57,59.38,20,7,4,9,32,85,271,2,395,775,778,74.0,62.5,17,34,34
thrasher-corp/gocryptotrader,228,85,41,44,0,44,51.76,6,0,1,5,28,38,124,2,382,826,939,71.8,64.7,0,0,0
ThreeDotsLabs/watermill,164,20,6,4,10,14,70.00,0,0,0,0,12,12,52,2,106,1008,1232,90.0,80.0,1,1,1
tickstep/aliyunpan,192,49,4,35,10,45,91.84,27,0,2,25,16,12,40,2,115,790,785,69.4,63.3,1,1,1
tidwall/buntdb,159,4,4,0,0,0,0.00,0,0,0,0,7,2,1,2,12,1624,1626,100.0,100.0,7,10,24
tidwall/evio,155,0,0,0,0,0,0.00,0,0,0,0,1,0,0,1,3,,,,,,,10
tidwall/gjson,159,4,0,0,4,4,100.00,0,0,0,0,2,0,1,2,5,1624,1626,100.0,100.0,19,28,68
tidwall/tile38,239,96,51,45,0,45,46.88,23,0,3,20,40,80,374,2,605,837,939,76.0,68.8,17,46,114
tinode/chat,238,95,45,50,0,50,52.63,26,5,1,20,25,73,412,2,674,796,804,74.7,66.3,21,60,93
tinyauthapp/tinyauth,279,136,76,60,0,60,44.12,8,3,0,5,24,151,903,2,1087,762,657,80.1,71.3,1,1,1
tinygo-org/tinygo,157,14,13,0,1,1,7.14,1,0,0,1,21,23,73,2,128,1036,1311,85.7,85.7,17,23,51
tmc/langchaingo,155,12,0,12,0,12,100.00,0,0,0,0,65,223,1050,2,1931,1090,1311,91.7,91.7,28,35,35
TomWright/dasel,161,18,0,6,12,18,100.00,1,0,1,0,11,28,67,2,108,1081,1340,83.3,83.3,1,1,1
traefik/traefik,306,163,108,24,31,55,33.74,20,6,10,4,120,291,1027,2,3205,731,645,76.7,63.8,97,214,550
traefik/yaegi,155,0,0,0,0,0,0.00,0,0,0,0,0,0,1,2,3,,,,,,,69
travisjeffery/jocko,155,12,11,0,1,1,8.33,0,0,0,0,55,1,38,2,136,1090,1311,91.7,91.7,0,0,1
treeverse/lakeFS,265,122,86,25,11,36,29.51,26,3,3,20,95,337,1012,2,2390,735,692,77.9,65.6,105,280,317
trufflesecurity/trufflehog,296,153,120,32,1,33,21.57,3,2,1,0,107,199,691,2,1292,761,646,81.0,70.6,148,347,348
tsenart/vegeta,192,49,40,8,1,9,18.37,13,2,1,10,16,20,223,2,288,942,1197,81.6,75.5,5,8,186
tsuru/tsuru,298,155,113,42,0,42,27.10,16,2,0,14,60,86,808,2,1277,777,668,82.6,73.5,48,115,323
tucnak/telebot,159,16,0,0,16,16,100.00,1,0,0,1,3,0,67,2,851,1209,1365,93.8,93.8,24,32,43
tulir/whatsmeow,221,78,70,8,0,8,10.26,20,0,2,18,10,9,36,2,58,779,800,71.8,62.8,0,0,0
turbot/steampipe,278,135,22,113,0,113,83.70,28,0,0,28,41,167,740,2,2428,763,695,79.3,68.1,129,472,495
tus/tusd,234,91,7,84,0,84,92.31,20,1,1,18,29,81,435,2,657,762,785,73.6,65.9,16,52,90
TwiN/gatus,251,108,49,59,0,59,54.63,19,6,7,6,32,62,192,2,347,800,853,75.0,66.7,1,1,1
twpayne/chezmoi,246,103,51,52,0,52,50.49,0,0,0,0,56,155,412,2,677,752,696,75.7,62.1,62,176,259
txn2/kubefwd,245,102,17,85,0,85,83.33,20,2,0,18,21,100,204,2,338,834,874,74.5,64.7,16,30,88
txthinking/brook,238,95,83,12,0,12,12.63,27,6,1,20,17,24,91,2,167,797,814,76.8,63.2,9,25,60
u-root/u-root,158,15,12,1,2,3,20.00,0,0,0,0,59,54,245,2,587,1050,1267,93.3,93.3,6,9,29
uber-go/fx,157,3,3,0,0,0,0.00,1,0,1,0,6,3,11,2,26,944,1413,66.7,66.7,11,16,46
uber-go/goleak,155,0,0,0,0,0,0.00,0,0,0,0,1,5,3,2,16,,,,,,,9
uber-go/mock,155,11,0,0,11,11,100.00,0,0,0,0,3,5,8,2,18,1060,1267,90.9,90.9,8,10,10
uber-go/nilaway,155,11,0,0,11,11,100.00,0,0,0,0,6,7,17,2,32,1060,1267,90.9,90.9,0,0,0
uber-go/zap,155,0,0,0,0,0,0.00,0,0,0,0,4,4,7,2,22,,,,,,,1
uber/kraken,272,129,66,62,1,63,48.84,52,0,0,52,40,80,236,2,771,838,699,82.2,72.1,14,18,23
Ullaakut/cameradar,198,55,0,54,1,55,100.00,6,0,1,5,11,71,201,2,285,906,1171,80.0,72.7,5,8,31
unidoc/unioffice,226,83,7,76,0,76,91.57,25,2,6,17,7,21,41,2,80,767,785,69.9,61.4,1,1,1
unidoc/unipdf,226,83,78,5,0,5,6.02,25,1,6,18,19,9,33,2,72,767,785,69.9,61.4,1,1,1
upper/db,195,52,5,37,10,47,90.38,20,0,4,16,13,37,78,2,292,759,740,67.3,59.6,4,18,82
uptrace/bun,157,3,0,3,0,3,100.00,1,0,1,0,6,9,15,2,41,944,1413,66.7,66.7,253,380,1148
uptrace/uptrace,258,115,85,30,0,30,26.09,36,9,5,22,51,100,411,2,1007,792,713,75.7,67.8,1,1,1
urfave/cli,155,0,0,0,0,0,0.00,0,0,0,0,1,3,3,2,9,,,,,,,200
usefathom/fathom,220,77,32,45,0,45,58.44,38,1,2,35,17,17,38,2,649,790,785,71.4,62.3,1,3,10
usememos/memos,304,161,79,22,60,82,50.93,20,6,10,4,41,99,396,2,541,711,645,83.9,71.4,35,92,92
v2fly/domain-list-community,157,14,2,1,11,12,85.71,0,0,0,0,2,3,89,2,96,1076,1232,92.9,92.9,1,1,1
v2fly/v2ray-core,250,107,96,11,0,11,10.28,20,2,0,18,51,48,291,2,961,802,814,78.5,63.6,1,1,1
v2ray/v2ray-core,224,81,78,0,3,3,3.70,52,12,0,40,19,1,48,2,290,802,892,71.6,64.2,0,0,350
vale-cli/vale,223,80,47,33,0,33,41.25,22,0,0,22,28,31,99,2,190,772,785,70.0,61.3,38,99,190
valyala/fasthttp,218,75,71,3,1,4,5.33,0,0,0,0,6,1,10,2,19,792,892,70.7,62.7,19,49,81
vektra/mockery,163,19,3,6,10,16,84.21,1,0,1,0,19,23,50,2,1093,1048,1325,89.5,78.9,139,218,257
velero-io/velero,243,100,20,80,0,80,80.00,20,1,6,13,60,142,671,2,1607,800,795,75.0,67.0,46,109,182
Velocidex/velociraptor,159,16,12,0,4,4,25.00,0,0,0,0,149,206,806,2,1330,918,1079,87.5,81.3,25,39,95
version-fox/vfox,220,77,35,42,0,42,54.55,30,10,1,19,19,25,64,2,378,799,892,71.4,62.3,32,55,55
VictoriaMetrics/VictoriaMetrics,247,104,49,54,1,55,52.88,13,0,0,13,35,136,790,2,995,821,809,76.9,67.3,331,667,997
ViRb3/wgcf,191,48,29,9,10,19,39.58,0,0,0,0,7,22,58,2,117,773,740,68.8,58.3,1,1,1
virtual-kubelet/virtual-kubelet,238,95,8,87,0,87,91.58,21,2,6,13,29,85,283,2,741,831,939,74.7,66.3,4,8,50
vishvananda/netlink,155,1,1,0,0,0,0.00,0,0,0,0,3,3,4,2,12,1413,1413,100.0,100.0,3,3,7
vitessio/vitess,160,17,11,1,5,6,35.29,0,0,0,0,93,133,684,2,1111,921,1142,82.4,82.4,120,188,286
vouch/vouch-proxy,194,51,44,6,1,7,13.73,7,0,1,6,16,24,47,2,91,882,1030,82.4,72.5,1,1,1
vugu/vugu,158,14,3,1,10,11,78.57,0,0,0,0,8,12,13,2,38,1182,1340,92.9,92.9,2,2,12
wader/fq,220,77,74,3,0,3,3.90,13,0,0,13,14,5,24,2,46,791,892,71.4,63.6,11,28,28
wagoodman/dive,227,84,71,12,1,13,15.48,15,4,1,10,27,82,108,2,263,798,682,85.7,76.2,3,5,30
wavetermdev/waveterm,233,90,34,56,0,56,62.22,20,9,6,5,34,44,413,2,500,807,853,73.3,65.6,142,235,235
wazero/wazero,157,3,3,0,0,0,0.00,0,0,0,0,1,0,1,2,4,944,1413,66.7,66.7,23,35,35
weaviate/weaviate,289,146,101,42,3,45,30.82,24,8,5,11,108,165,721,2,1229,745,646,79.5,69.2,254,468,556
werf/werf,259,116,110,6,0,6,5.17,33,0,0,33,94,305,1302,2,2680,749,682,77.6,70.7,250,719,1859
wgpsec/ENScan_GO,248,105,48,57,0,57,54.29,45,24,1,20,11,62,112,2,199,796,785,78.1,62.9,1,1,1
willnorris/imageproxy,243,100,11,89,0,89,89.00,16,1,0,15,15,64,372,2,493,763,785,73.0,66.0,2,5,19
windtf/wireproxy,215,72,40,32,0,32,44.44,21,0,1,20,8,7,105,2,122,746,740,69.4,61.1,6,15,15
WireGuard/wireguard-go,214,71,71,0,0,0,0.00,26,0,1,25,5,2,96,2,105,748,785,69.0,60.6,2,8,26
woodpecker-ci/woodpecker,265,122,100,22,0,22,18.03,0,0,0,0,72,166,403,2,900,789,785,77.9,66.4,35,75,103
Workiva/go-datastructures,156,1,0,0,1,1,100.00,1,0,1,0,2,0,7,2,32,1375,1375,100.0,100.0,1,1,1
writefreely/writefreely,225,82,74,7,1,8,9.76,22,7,2,13,38,50,50,2,276,780,778,73.2,63.4,3,8,27
wtfutil/wtf,268,125,42,83,0,83,66.40,22,0,0,22,55,120,355,2,606,785,695,80.0,73.6,9,19,79
WuKongIM/WuKongIM,184,41,31,10,0,10,24.39,18,0,0,18,22,63,186,2,311,725,695,65.9,58.5,25,51,51
x-motemen/ghq,187,44,39,4,1,5,11.36,6,5,0,1,9,8,75,2,96,880,1114,81.8,72.7,13,22,85
x-motemen/gore,160,16,3,3,10,13,81.25,1,0,0,1,7,14,33,2,63,1123,1340,87.5,87.5,4,8,20
xataio/pgroll,164,21,0,11,10,21,100.00,0,0,0,0,16,73,121,2,284,1045,1267,90.5,81.0,24,32,32
XIU2/CloudflareSpeedTest,157,3,0,3,0,3,100.00,1,0,1,0,3,5,5,2,15,944,1413,66.7,66.7,1,1,1
xjasonlyu/tun2socks,190,47,37,10,0,10,21.28,14,5,5,4,19,11,111,2,147,726,695,68.1,57.4,3,13,36
xo/dbtpl,188,45,0,34,11,45,100.00,13,0,0,13,16,17,76,2,111,772,785,68.9,60.0,2,4,4
xo/usql,224,81,0,81,0,81,100.00,22,0,0,22,68,296,1008,2,2206,756,696,72.8,61.7,51,121,152
xpzouying/xiaohongshu-mcp,227,84,7,77,0,77,91.67,34,6,9,19,9,36,44,2,99,793,853,70.2,61.9,1,1,1
xtaci/kcp-go,214,71,71,0,0,0,0.00,21,0,1,20,9,4,14,2,95,748,785,69.0,60.6,42,70,198
XTLS/RealiTLScanner,157,3,0,3,0,3,100.00,0,0,0,0,1,2,10,2,15,944,1413,66.7,66.7,1,1,1
XTLS/REALITY,193,50,40,0,10,10,20.00,14,0,0,14,6,3,16,2,29,683,495,70.0,56.0,0,0,0
XTLS/Xray-core,238,95,89,6,0,6,6.32,19,1,0,18,31,16,189,2,260,839,939,75.8,65.3,61,112,126
xvzc/spoofdpi,220,77,45,32,0,32,41.56,22,0,0,22,17,35,155,2,222,826,960,71.4,63.6,25,49,49
yggdrasil-network/yggdrasil-go,224,81,81,0,0,0,0.00,22,0,1,21,20,14,68,2,104,764,785,72.8,61.7,12,31,51
yorukot/superfile,199,56,13,33,10,43,76.79,16,1,1,14,29,56,153,2,258,758,744,67.9,58.9,1,1,1
yuin/goldmark,155,0,0,0,0,0,0.00,0,0,0,0,0,0,1,2,3,,,,,,,1
yuin/gopher-lua,155,1,0,1,0,1,100.00,0,0,0,0,1,3,1,2,7,1413,1413,100.0,100.0,5,5,5
zalando/postgres-operator,236,93,40,53,0,53,56.99,24,3,6,15,16,56,168,2,289,877,1009,75.3,67.7,7,17,27
zalando/skipper,273,130,107,19,4,23,17.69,0,0,0,0,78,242,967,2,1508,826,785,79.2,69.2,1,1,1
zan8in/afrog,247,104,81,23,0,23,22.12,21,2,15,4,44,178,524,2,2438,887,985,77.9,67.3,52,105,105
zegl/kube-score,192,49,3,45,1,46,93.88,8,0,3,5,13,21,69,2,108,944,1231,81.6,75.5,4,11,40
zeromicro/go-zero,253,110,69,40,1,41,37.27,28,7,3,18,44,85,290,2,471,777,762,72.7,65.5,46,116,155
zincsearch/zincsearch,232,89,38,51,0,51,57.30,37,3,14,20,31,91,364,2,681,816,892,73.0,65.2,10,38,38
zu1k/nali,198,55,6,39,10,49,89.09,23,3,1,19,13,29,109,2,197,830,892,72.7,61.8,8,36,49